id,name,description,invoice_label,sequence,amount,amount_type,type_tax_use,tax_group_id,active,tax_scope,repartition_line_ids/factor_percent,repartition_line_ids/repartition_type,repartition_line_ids/document_type,repartition_line_ids/tag_ids,repartition_line_ids/account_id,l10n_pt_tax_type,l10n_pt_withholding,l10n_pt_vat_exempt_reason,active
iva_pt_sale_normal,23% Goods,VAT 23%,VAT 23%,1,23,percent,sale,tax_group_iva_23,,consu,100,base,invoice,+trp_base_3,,IVA,,,
,,,,,,,,,,,100,tax,invoice,+trp_tax_favor_state_4,chart_24331,,,,
iva_pt_sale_normal_service_refund_base2,,,,,,,,,,,100,base,refund,-trp_base_3,,,,
,,,,,,,,,,,100,tax,refund,-trp_tax_favor_state_4,chart_24341,,,,
iva_pt_sale_normal_service,23% Services,VAT 23%,VAT 23%,2,23,percent,sale,tax_group_iva_23,,service,100,base,invoice,+trp_base_3,,IVA,,,
,,,,,,,,,,,100,tax,invoice,+trp_tax_favor_state_4,chart_24333,,,,
iva_pt_sale_normal_service_refund_base,,,,,,,,,,,100,base,refund,-trp_base_3,,,,
,,,,,,,,,,,100,tax,refund,-trp_tax_favor_state_4,chart_24341,,,,
iva_pt_sale_intermedia,13% Goods,VAT 13%,VAT 13%,3,13,percent,sale,tax_group_iva_13,,consu,100,base,invoice,+trp_base_5,,IVA,,,
,,,,,,,,,,,100,tax,invoice,+trp_tax_favor_state_6,chart_24331,,,,
iva_pt_sale_intermedia_refund_base2,,,,,,,,,,,100,base,refund,-trp_base_5,,,,
,,,,,,,,,,,100,tax,refund,-trp_tax_favor_state_6,chart_24341,,,,
iva_pt_sale_intermedia_service,13% Services,VAT 13%,VAT 13%,4,13,percent,sale,tax_group_iva_13,,service,100,base,invoice,+trp_base_5,,IVA,,,
,,,,,,,,,,,100,tax,invoice,+trp_tax_favor_state_6,chart_24333,,,,
iva_pt_sale_intermedia_refund_base,,,,,,,,,,,100,base,refund,-trp_base_5,,,,
,,,,,,,,,,,100,tax,refund,-trp_tax_favor_state_6,chart_24341,,,,
iva_pt_sale_reduzida,6% Goods,VAT 6%,VAT 6%,5,6,percent,sale,tax_group_iva_6,,consu,100,base,invoice,+trp_base_1,,IVA,,,
,,,,,,,,,,,100,tax,invoice,+trp_tax_favor_state_2,chart_24331,,,,
,,,,,,,,,,,100,base,refund,-trp_base_1,,,,,
,,,,,,,,,,,100,tax,refund,-trp_tax_favor_state_2,chart_24341,,,,
iva_pt_sale_reduzida_service,6% Services,VAT 6%,VAT 6%,6,6,percent,sale,tax_group_iva_6,,consu,100,base,invoice,+trp_base_1,,IVA,,,
,,,,,,,,,,,100,tax,invoice,+trp_tax_favor_state_2,chart_24333,,,,
,,,,,,,,,,,100,base,refund,-trp_base_1,,,,,
,,,,,,,,,,,100,tax,refund,-trp_tax_favor_state_2,chart_24341,,,,
iva_pt_sale_isenta,0%,VAT 0%,VAT 0%,7,0,percent,sale,tax_group_iva_0,,,100,base,invoice,+trp_base_8,,IVA,,l10n_pt_apo.M01,
,,,,,,,,,,,100,tax,invoice,,chart_24333,,,,
,,,,,,,,,,,100,base,refund,-trp_base_8,,,,,
,,,,,,,,,,,100,tax,refund,,chart_24333,,,,
iva_pt_sale_isenta_m99,0% (M99),VAT 0% (M99),VAT 0% (M99),8,0,percent,sale,tax_group_iva_0,,,100,base,invoice,+trp_base_8,,IVA,,l10n_pt_apo.M99,
,,,,,,,,,,,100,tax,invoice,,chart_24333,,,,
,,,,,,,,,,,100,base,refund,-trp_base_8,,,,,
,,,,,,,,,,,100,tax,refund,,chart_24333,,,,
iva_pt_purchase_normal,23% Goods,VAT 23% Goods,VAT 23%,9,23,percent,purchase,tax_group_iva_23,,consu,100,base,invoice,,,IVA,,,
,,,,,,,,,,,100,tax,invoice,+trp_tax_favor_company_24,chart_24321,,,,
,,,,,,,,,,,100,base,refund,,,,,,
,,,,,,,,,,,100,tax,refund,-trp_tax_favor_company_24,chart_24342,,,,
iva_pt_purchase_normal_ic,23% Goods (Intracommunity),VAT 23% Goods (IC),VAT 23%,9,23,percent,purchase,tax_group_iva_23,,consu,100,base,invoice,,,IVA,,,
,,,,,,,,,,,100,tax,invoice,+trp_tax_favor_company_24,chart_24321,,,,
,,,,,,,,,,,-100,tax,invoice,+trp_tax_favor_company_24,chart_24321,,,,
,,,,,,,,,,,100,base,refund,,,,,,
,,,,,,,,,,,100,tax,refund,-trp_tax_favor_company_24,chart_24342,,,,
,,,,,,,,,,,-100,tax,refund,-trp_tax_favor_company_24,chart_24341,,,,
iva_pt_purchase_normal_ec,23% Goods (Extracommunity),VAT 23% Goods (EC),VAT 23%,9,23,percent,purchase,tax_group_iva_23,,consu,100,base,invoice,,,IVA,,,
,,,,,,,,,,,100,tax,invoice,+trp_tax_favor_company_24,chart_24321,,,,
,,,,,,,,,,,-100,tax,invoice,+trp_tax_favor_company_24,chart_24331,,,,
,,,,,,,,,,,100,base,refund,,,,,,
,,,,,,,,,,,100,tax,refund,-trp_tax_favor_company_24,chart_24342,,,,
,,,,,,,,,,,-100,tax,refund,-trp_tax_favor_company_24,chart_24341,,,,
iva_pt_purchase_normal_service,23% Services,VAT 23% Services,VAT 23%,10,23,percent,purchase,tax_group_iva_23,,service,100,base,invoice,,,IVA,,,
,,,,,,,,,,,100,tax,invoice,+trp_tax_favor_company_24,chart_24323,,,,
,,,,,,,,,,,100,base,refund,,,,,,
,,,,,,,,,,,100,tax,refund,-trp_tax_favor_company_24,chart_24342,,,,
iva_pt_purchase_normal_service_ic,23% Services (Intracommunity),VAT 23% Services(IC),VAT 23%,10,23,percent,purchase,tax_group_iva_23,,service,100,base,invoice,,,IVA,,,
,,,,,,,,,,,100,tax,invoice,+trp_tax_favor_company_24,chart_24323,,,,
,,,,,,,,,,,-100,tax,invoice,+trp_tax_favor_company_24,chart_24333,,,,
,,,,,,,,,,,100,base,refund,,,,,,
,,,,,,,,,,,100,tax,refund,-trp_tax_favor_company_24,chart_24342,,,,
,,,,,,,,,,,-100,tax,refund,-trp_tax_favor_company_24,chart_24341,,,,
iva_pt_purchase_normal_service_ec,23% Services (Extracommunity),VAT 23% Services(EC),VAT 23%,10,23,percent,purchase,tax_group_iva_23,,service,100,base,invoice,,,IVA,,,
,,,,,,,,,,,100,tax,invoice,+trp_tax_favor_company_24,chart_24323,,,,
,,,,,,,,,,,-100,tax,invoice,+trp_tax_favor_company_24,chart_24333,,,,
,,,,,,,,,,,100,base,refund,,,,,,
,,,,,,,,,,,100,tax,refund,-trp_tax_favor_company_24,chart_24342,,,,
,,,,,,,,,,,-100,tax,refund,-trp_tax_favor_company_24,chart_24341,,,,
iva_pt_purchase_normal_fixed_assets,23% Fixed Assets,VAT 23% Fixed Assets,VAT 23%,11,23,percent,purchase,tax_group_iva_23,,,100,base,invoice,,,IVA,,,
,,,,,,,,,,,100,tax,invoice,+trp_tax_favor_company_24,chart_24322,,,,
,,,,,,,,,,,100,base,refund,,,,,,
,,,,,,,,,,,100,tax,refund,-trp_tax_favor_company_24,chart_24342,,,,
iva_pt_purchase_normal_fixed_assets_ic,23% Fixed Assets (Intracommunity),VAT 23% Fixed Assets (IC),VAT 23%,11,23,percent,purchase,tax_group_iva_23,,,100,base,invoice,,,IVA,,,
,,,,,,,,,,,100,tax,invoice,+trp_tax_favor_company_24,chart_24322,,,,
,,,,,,,,,,,-100,tax,invoice,+trp_tax_favor_company_24,chart_24332,,,,
,,,,,,,,,,,100,base,refund,,,,,,
,,,,,,,,,,,100,tax,refund,-trp_tax_favor_company_24,chart_24342,,,,
,,,,,,,,,,,-100,tax,refund,-trp_tax_favor_company_24,chart_24341,,,,
iva_pt_purchase_normal_fixed_assets_ec,23% Fixed Assets (Extracommunity),VAT 23% Fixed Assets (EC),VAT 23%,11,23,percent,purchase,tax_group_iva_23,,,100,base,invoice,,,IVA,,,
,,,,,,,,,,,100,tax,invoice,+trp_tax_favor_company_24,chart_24322,,,,
,,,,,,,,,,,-100,tax,invoice,+trp_tax_favor_company_24,chart_24332,,,,
,,,,,,,,,,,100,base,refund,,,,,,
,,,,,,,,,,,100,tax,refund,-trp_tax_favor_company_24,chart_24342,,,,
,,,,,,,,,,,-100,tax,refund,-trp_tax_favor_company_24,chart_24341,,,,
iva_pt_purchase_intermedia,13% Goods,VAT 13% Goods,VAT 13%,12,13,percent,purchase,tax_group_iva_13,,consu,100,base,invoice,,,IVA,,,
,,,,,,,,,,,100,tax,invoice,+trp_tax_favor_company_24,chart_24331,,,,
,,,,,,,,,,,100,base,refund,,,,,,
,,,,,,,,,,,100,tax,refund,+trp_tax_favor_company_24,chart_24331,,,,
iva_pt_purchase_intermedia_ic,13% Goods (Intracommunity),VAT 13% Goods (IC),VAT 13%,12,13,percent,purchase,tax_group_iva_13,,consu,100,base,invoice,,,IVA,,,
,,,,,,,,,,,100,tax,invoice,+trp_tax_favor_company_24,chart_24321,,,,
,,,,,,,,,,,-100,tax,invoice,+trp_tax_favor_company_24,chart_24331,,,,
,,,,,,,,,,,100,base,refund,,,,,,
,,,,,,,,,,,100,tax,refund,+trp_tax_favor_company_24,chart_24342,,,,
,,,,,,,,,,,-100,tax,refund,+trp_tax_favor_company_24,chart_24341,,,,
iva_pt_purchase_intermedia_ec,13% Goods (Extracommunity),VAT 13% Goods (EC),VAT 13%,12,13,percent,purchase,tax_group_iva_13,,consu,100,base,invoice,,,IVA,,,
,,,,,,,,,,,100,tax,invoice,+trp_tax_favor_company_24,chart_24321,,,,
,,,,,,,,,,,-100,tax,invoice,+trp_tax_favor_company_24,chart_24331,,,,
,,,,,,,,,,,100,base,refund,,,,,,
,,,,,,,,,,,100,tax,refund,+trp_tax_favor_company_24,chart_24342,,,,
,,,,,,,,,,,-100,tax,refund,+trp_tax_favor_company_24,chart_24341,,,,
iva_pt_purchase_intermedia_service,13% Services,VAT 13% Services,VAT 13%,13,13,percent,purchase,tax_group_iva_13,,service,100,base,invoice,,,IVA,,,
,,,,,,,,,,,100,tax,invoice,+trp_tax_favor_company_24,chart_24331,,,,
,,,,,,,,,,,100,base,refund,,,,,,
,,,,,,,,,,,100,tax,refund,+trp_tax_favor_company_24,chart_24331,,,,
iva_pt_purchase_intermedia_service_ic,13% Services (Intracommunity),VAT 13% Services (IC),VAT 13%,13,13,percent,purchase,tax_group_iva_13,,service,100,base,invoice,,,IVA,,,
,,,,,,,,,,,100,tax,invoice,+trp_tax_favor_company_24,chart_24323,,,,
,,,,,,,,,,,-100,tax,invoice,+trp_tax_favor_company_24,chart_24333,,,,
,,,,,,,,,,,100,base,refund,,,,,,
,,,,,,,,,,,100,tax,refund,+trp_tax_favor_company_24,chart_24342,,,,
,,,,,,,,,,,-100,tax,refund,+trp_tax_favor_company_24,chart_24341,,,,
iva_pt_purchase_intermedia_service_ec,13% Services (Extracommunity),VAT 13% Services (EC),VAT 13%,13,13,percent,purchase,tax_group_iva_13,,service,100,base,invoice,,,IVA,,,
,,,,,,,,,,,100,tax,invoice,+trp_tax_favor_company_24,chart_24323,,,,
,,,,,,,,,,,-100,tax,invoice,+trp_tax_favor_company_24,chart_24333,,,,
,,,,,,,,,,,100,base,refund,,,,,,
,,,,,,,,,,,100,tax,refund,+trp_tax_favor_company_24,chart_24342,,,,
,,,,,,,,,,,-100,tax,refund,+trp_tax_favor_company_24,chart_24341,,,,
iva_pt_purchase_intermedia_fixed_assets,13% Fixed Assets,VAT 13% Fixed Assets,VAT 13%,14,13,percent,purchase,tax_group_iva_13,,,100,base,invoice,,,IVA,,,
,,,,,,,,,,,100,tax,invoice,+trp_tax_favor_company_24,chart_24322,,,,
,,,,,,,,,,,100,base,refund,,,,,,
,,,,,,,,,,,100,tax,refund,+trp_tax_favor_company_24,chart_24342,,,,
iva_pt_purchase_intermedia_fixed_assets_ic,13% Fixed Assets (Intracommunity),VAT 13% Fixed Assets (IC),VAT 13%,14,13,percent,purchase,tax_group_iva_13,,,100,base,invoice,,,IVA,,,
,,,,,,,,,,,100,tax,invoice,+trp_tax_favor_company_24,chart_24322,,,,
,,,,,,,,,,,-100,tax,invoice,+trp_tax_favor_company_24,chart_24332,,,,
,,,,,,,,,,,100,base,refund,,,,,,
,,,,,,,,,,,100,tax,refund,+trp_tax_favor_company_24,chart_24342,,,,
,,,,,,,,,,,-100,tax,refund,+trp_tax_favor_company_24,chart_24341,,,,
iva_pt_purchase_intermedia_fixed_assets_ec,13% Fixed Assets (Extracommunity),VAT 13% Fixed Assets (EC),VAT 13%,14,13,percent,purchase,tax_group_iva_13,,,100,base,invoice,,,IVA,,,
,,,,,,,,,,,100,tax,invoice,+trp_tax_favor_company_24,chart_24322,,,,
,,,,,,,,,,,-100,tax,invoice,+trp_tax_favor_company_24,chart_24332,,,,
,,,,,,,,,,,100,base,refund,,,,,,
,,,,,,,,,,,100,tax,refund,+trp_tax_favor_company_24,chart_24342,,,,
,,,,,,,,,,,-100,tax,refund,+trp_tax_favor_company_24,chart_24341,,,,
iva_pt_purchase_reduzida,6% Goods,VAT 6% Goods,VAT 6%,15,6,percent,purchase,tax_group_iva_6,,consu,100,base,invoice,,,IVA,,,
,,,,,,,,,,,100,tax,invoice,+trp_tax_favor_company_24,chart_24331,,,,
,,,,,,,,,,,100,base,refund,,,,,,
,,,,,,,,,,,100,tax,refund,+trp_tax_favor_company_24,chart_24331,,,,
iva_pt_purchase_reduzida_ic,6% Goods (Intracommunity),VAT 6% Goods (IC),VAT 6%,15,6,percent,purchase,tax_group_iva_6,,consu,100,base,invoice,,,IVA,,,
,,,,,,,,,,,100,tax,invoice,+trp_tax_favor_company_24,chart_24321,,,,
,,,,,,,,,,,-100,tax,invoice,+trp_tax_favor_company_24,chart_24331,,,,
,,,,,,,,,,,100,base,refund,,,,,,
,,,,,,,,,,,100,tax,refund,+trp_tax_favor_company_24,chart_24342,,,,
,,,,,,,,,,,-100,tax,refund,+trp_tax_favor_company_24,chart_24341,,,,
iva_pt_purchase_reduzida_ec,6% Goods (Extracommunity),VAT 6% Goods (EC),VAT 6%,15,6,percent,purchase,tax_group_iva_6,,consu,100,base,invoice,,,IVA,,,
,,,,,,,,,,,100,tax,invoice,+trp_tax_favor_company_24,chart_24321,,,,
,,,,,,,,,,,-100,tax,invoice,+trp_tax_favor_company_24,chart_24331,,,,
,,,,,,,,,,,100,base,refund,,,,,,
,,,,,,,,,,,100,tax,refund,+trp_tax_favor_company_24,chart_24342,,,,
,,,,,,,,,,,-100,tax,refund,+trp_tax_favor_company_24,chart_24341,,,,
iva_pt_purchase_reduzida_service,6% Services,VAT 6% Services,VAT 6%,16,6,percent,purchase,tax_group_iva_6,,service,100,base,invoice,,,IVA,,,
,,,,,,,,,,,100,tax,invoice,+trp_tax_favor_company_24,chart_24331,,,,
,,,,,,,,,,,100,base,refund,,,,,,
,,,,,,,,,,,100,tax,refund,+trp_tax_favor_company_24,chart_24331,,,,
iva_pt_purchase_reduzida_service_ic,6% Services(Intracommunity),VAT 6% Services(IC),VAT 6%,16,6,percent,purchase,tax_group_iva_6,,service,100,base,invoice,,,IVA,,,
,,,,,,,,,,,100,tax,invoice,+trp_tax_favor_company_24,chart_24323,,,,
,,,,,,,,,,,-100,tax,invoice,+trp_tax_favor_company_24,chart_24333,,,,
,,,,,,,,,,,100,base,refund,,,,,,
,,,,,,,,,,,100,tax,refund,+trp_tax_favor_company_24,chart_24342,,,,
,,,,,,,,,,,-100,tax,refund,+trp_tax_favor_company_24,chart_24341,,,,
iva_pt_purchase_reduzida_service_ec,6% Services(Extracommunity),VAT 6% Services(EC),VAT 6%,16,6,percent,purchase,tax_group_iva_6,,service,100,base,invoice,,,IVA,,,
,,,,,,,,,,,100,tax,invoice,+trp_tax_favor_company_24,chart_24323,,,,
,,,,,,,,,,,-100,tax,invoice,+trp_tax_favor_company_24,chart_24333,,,,
,,,,,,,,,,,100,base,refund,,,,,,
,,,,,,,,,,,100,tax,refund,+trp_tax_favor_company_24,chart_24342,,,,
,,,,,,,,,,,-100,tax,refund,+trp_tax_favor_company_24,chart_24341,,,,
iva_pt_purchase_reduzida_fixed_assets,6% Fixed Assets,VAT 6% Fixed Assets,VAT 6%,17,6,percent,purchase,tax_group_iva_6,,,100,base,invoice,,,IVA,,,
,,,,,,,,,,,100,tax,invoice,+trp_tax_favor_company_24,chart_24322,,,,
,,,,,,,,,,,100,base,refund,,,,,,
,,,,,,,,,,,100,tax,refund,+trp_tax_favor_company_24,chart_24342,,,,
iva_pt_purchase_reduzida_fixed_assets_ic,6% Fixed Assets (Intracommunity),VAT 6% Fixed Assets (IC),VAT 6%,17,6,percent,purchase,tax_group_iva_6,,,100,base,invoice,,,IVA,,,
,,,,,,,,,,,100,tax,invoice,+trp_tax_favor_company_24,chart_24322,,,,
,,,,,,,,,,,-100,tax,invoice,+trp_tax_favor_company_24,chart_24332,,,,
,,,,,,,,,,,100,base,refund,,,,,,
,,,,,,,,,,,100,tax,refund,+trp_tax_favor_company_24,chart_24342,,,,
,,,,,,,,,,,-100,tax,refund,+trp_tax_favor_company_24,chart_24341,,,,
iva_pt_purchase_reduzida_fixed_assets_ec,6% Fixed Assets (Extracommunity),VAT 6% Fixed Assets (EC),VAT 6%,17,6,percent,purchase,tax_group_iva_6,,,100,base,invoice,,,IVA,,,
,,,,,,,,,,,100,tax,invoice,+trp_tax_favor_company_24,chart_24322,,,,
,,,,,,,,,,,-100,tax,invoice,+trp_tax_favor_company_24,chart_24332,,,,
,,,,,,,,,,,100,base,refund,,,,,,
,,,,,,,,,,,100,tax,refund,+trp_tax_favor_company_24,chart_24342,,,,
,,,,,,,,,,,-100,tax,refund,+trp_tax_favor_company_24,chart_24341,,,,
iva_pt_sale_eu_isenta,0% EU,0% EU,VAT 0%,18,0,percent,sale,tax_group_iva_0,,,100,base,invoice,+trp_base_7,,IVA,,l10n_pt_apo.M16,
,,,,,,,,,,,100,tax,invoice,,chart_24331,,,,
,,,,,,,,,,,100,base,refund,-trp_base_7,,,,,
,,,,,,,,,,,100,tax,refund,,chart_24331,,,,
iva_pt_sale_non_eu_isenta,0% EX,0% No EU,VAT 0%,19,0,percent,sale,tax_group_iva_0,,,100,base,invoice,+trp_base_8,,IVA,,l10n_pt_apo.M05,
,,,,,,,,,,,100,tax,invoice,,chart_24331,,,,
,,,,,,,,,,,100,base,refund,-trp_base_8,,,,,
,,,,,,,,,,,100,tax,refund,,chart_24331,,,,
iva_pt_purchase_eu_isenta,0% EU,0% EU,VAT 0%,20,0,percent,purchase,tax_group_iva_0,,,100,base,invoice,,,IVA,,,
,,,,,,,,,,,100,tax,invoice,,chart_24321,,,,
,,,,,,,,,,,100,base,refund,,,,,,
,,,,,,,,,,,100,tax,refund,,chart_24321,,,,
iva_pt_purchase_non_eu_isenta,0% EX,0% No EU,VAT 0%,21,0,percent,purchase,tax_group_iva_0,,,100,base,invoice,,,IVA,,,
,,,,,,,,,,,100,tax,invoice,,chart_24321,,,,
,,,,,,,,,,,100,base,refund,,,,,,
,,,,,,,,,,,100,tax,refund,,chart_24321,,,,
iva_pt_purchase_eu_normal_bens,23% EU G,23% EU G,VAT 23%,22,23,percent,purchase,tax_group_iva_23,True,consu,100,base,invoice,+trp_base_12,,IVA,,,
,,,,,,,,,,,100,tax,invoice,+trp_tax_favor_state_13,chart_24321,,,,
,,,,,,,,,,,-100,tax,invoice,-trp_tax_favor_company_22,chart_24331,,,,
,,,,,,,,,,,100,base,refund,-trp_base_12,,,,,
,,,,,,,,,,,100,tax,refund,-trp_tax_favor_state_13,chart_24321,,,,
,,,,,,,,,,,-100,tax,refund,+trp_tax_favor_company_22,chart_24331,,,,
iva_pt_purchase_eu_normal_servicos,23% EU S,23% EU S,VAT 23%,23,23,percent,purchase,tax_group_iva_23,True,service,100,base,invoice,+trp_base_16,,IVA,,,
,,,,,,,,,,,100,tax,invoice,+trp_tax_favor_state_17,chart_24321,,,,
,,,,,,,,,,,-100,tax,invoice,-trp_tax_favor_company_22,chart_24331,,,,
,,,,,,,,,,,100,base,refund,-trp_base_16,,,,,
,,,,,,,,,,,100,tax,refund,-trp_tax_favor_state_17,chart_24321,,,,
,,,,,,,,,,,-100,tax,refund,-trp_tax_favor_company_22,chart_24331,,,,
iva_pt_purchase_eu_fixed_assets,23% EU FA,23% EU FA,VAT 23%,24,23,percent,purchase,tax_group_iva_23,True,,100,base,invoice,+trp_base_16,,IVA,,,
,,,,,,,,,,,100,tax,invoice,+trp_tax_favor_state_17,chart_24322,,,,
,,,,,,,,,,,-100,tax,invoice,-trp_tax_favor_company_22,chart_24332,,,,
,,,,,,,,,,,100,base,refund,-trp_base_16,,,,,
,,,,,,,,,,,100,tax,refund,-trp_tax_favor_state_17,chart_24342,,,,
,,,,,,,,,,,-100,tax,refund,-trp_tax_favor_company_22,chart_24341,,,,
iva_pt_purchase_eu_intermedia_bens,13% EU G,13% EU G,VAT 13%,25,13,percent,purchase,tax_group_iva_13,,consu,100,base,invoice,+trp_base_12,,IVA,,,
,,,,,,,,,,,100,tax,invoice,+trp_tax_favor_state_13,chart_24321,,,,
,,,,,,,,,,,-100,tax,invoice,-trp_tax_favor_company_23,chart_24331,,,,
,,,,,,,,,,,100,base,refund,-trp_base_12,,,,,
,,,,,,,,,,,100,tax,refund,-trp_tax_favor_state_13,chart_24321,,,,
,,,,,,,,,,,-100,tax,refund,+trp_tax_favor_company_23,chart_24331,,,,
iva_pt_purchase_eu_intermedia_servicos,13% EU S,13% EU S,VAT 13%,26,13,percent,purchase,tax_group_iva_13,,service,100,base,invoice,+trp_base_16,,IVA,,,
,,,,,,,,,,,100,tax,invoice,+trp_tax_favor_state_17,chart_24321,,,,
,,,,,,,,,,,-100,tax,invoice,-trp_tax_favor_company_23,chart_24331,,,,
,,,,,,,,,,,100,base,refund,-trp_base_16,,,,,
,,,,,,,,,,,100,tax,refund,-trp_tax_favor_state_17,chart_24321,,,,
,,,,,,,,,,,-100,tax,refund,-trp_tax_favor_company_23,chart_24331,,,,
iva_pt_purchase_eu_intermedia_fixed_assets,13% EU FA,13% EU FA,VAT 13%,27,13,percent,purchase,tax_group_iva_13,,,100,base,invoice,+trp_base_16,,IVA,,,
,,,,,,,,,,,100,tax,invoice,+trp_tax_favor_state_17,chart_24322,,,,
,,,,,,,,,,,-100,tax,invoice,-trp_tax_favor_company_23,chart_24332,,,,
,,,,,,,,,,,100,base,refund,-trp_base_16,,,,,
,,,,,,,,,,,100,tax,refund,-trp_tax_favor_state_17,chart_24342,,,,
,,,,,,,,,,,-100,tax,refund,-trp_tax_favor_company_23,chart_24341,,,,
iva_pt_purchase_eu_reduzida_bens,6% EU G,6% EU G,VAT 6%,28,6,percent,purchase,tax_group_iva_6,,consu,100,base,invoice,+trp_base_12,,IVA,,,
,,,,,,,,,,,100,tax,invoice,+trp_tax_favor_state_13,chart_24321,,,,
,,,,,,,,,,,-100,tax,invoice,-trp_tax_favor_company_21,chart_24331,,,,
,,,,,,,,,,,100,base,refund,-trp_base_12,,,,,
,,,,,,,,,,,100,tax,refund,-trp_tax_favor_state_13,chart_24321,,,,
,,,,,,,,,,,-100,tax,refund,+trp_tax_favor_company_21,chart_24331,,,,
iva_pt_purchase_eu_reduzida_servicos,6% EU S,6% EU S,VAT 6%,29,6,percent,purchase,tax_group_iva_6,,service,100,base,invoice,+trp_base_16,,IVA,,,
,,,,,,,,,,,100,tax,invoice,+trp_tax_favor_state_17,chart_24321,,,,
,,,,,,,,,,,-100,tax,invoice,-trp_tax_favor_company_21,chart_24331,,,,
,,,,,,,,,,,100,base,refund,-trp_base_16,,,,,
,,,,,,,,,,,100,tax,refund,-trp_tax_favor_state_17,chart_24321,,,,
,,,,,,,,,,,-100,tax,refund,-trp_tax_favor_company_21,chart_24331,,,,
iva_pt_purchase_eu_reduzida_fixed_assets,6% EU FA,6% EU I,VAT 6%,30,6,percent,purchase,tax_group_iva_6,,,100,base,invoice,+trp_base_16,,IVA,,,
,,,,,,,,,,,100,tax,invoice,+trp_tax_favor_state_17,chart_24322,,,,
,,,,,,,,,,,-100,tax,invoice,-trp_tax_favor_company_21,chart_24332,,,,
,,,,,,,,,,,100,base,refund,-trp_base_16,,,,,
,,,,,,,,,,,100,tax,refund,-trp_tax_favor_state_17,chart_24342,,,,
,,,,,,,,,,,-100,tax,refund,-trp_tax_favor_company_21,chart_24341,,,,
iva_pt_ma_sale_normal,22% Goods MA,22% Goods(MA),VAT 22%,31,22,percent,sale,tax_group_iva_22,,consu,100,base,invoice,+trp_base_3,,IVA,,,False
,,,,,,,,,,,100,tax,invoice,+trp_tax_favor_state_4,chart_24331,,,,
iva_pt_ma_sale_normal_service,22% Services MA,22% Services(MA),VAT 22%,32,22,percent,sale,tax_group_iva_22,,service,100,base,invoice,+trp_base_3,,IVA,,,False
,,,,,,,,,,,100,tax,invoice,+trp_tax_favor_state_4,chart_24333,,,,
iva_pt_ma_sale_intermedia,12% Goods MA,12% Goods(MA),VAT 12%,33,12,percent,sale,tax_group_iva_12,,consu,100,base,invoice,+trp_base_5,,IVA,,,False
,,,,,,,,,,,100,tax,invoice,+trp_tax_favor_state_6,chart_24331,,,,
iva_pt_ma_sale_intermedia_service,12% Services MA,12% Services(MA),VAT 12%,34,12,percent,sale,tax_group_iva_12,,service,100,base,invoice,+trp_base_5,,IVA,,,False
,,,,,,,,,,,100,tax,invoice,+trp_tax_favor_state_6,chart_24333,,,,
iva_pt_ma_sale_reduzida,4% Goods MA,4% Goods(MA),VAT 4%,35,4,percent,sale,tax_group_iva_5,,consu,100,base,invoice,+trp_base_1,,IVA,,,False
,,,,,,,,,,,100,tax,invoice,+trp_tax_favor_state_2,chart_24331,,,,
,,,,,,,,,,,100,base,refund,-trp_base_1,,,,,
,,,,,,,,,,,100,tax,refund,-trp_tax_favor_state_2,chart_24341,,,,
iva_pt_ma_sale_reduzida_service,4% Services MA,4% Services(MA),VAT 4%,36,4,percent,sale,tax_group_iva_5,,service,100,base,invoice,+trp_base_1,,IVA,,,False
,,,,,,,,,,,100,tax,invoice,+trp_tax_favor_state_2,chart_24333,,,,
,,,,,,,,,,,100,base,refund,-trp_base_1,,,,,
,,,,,,,,,,,100,tax,refund,-trp_tax_favor_state_2,chart_24341,,,,
iva_pt_ma_purchase_normal,22% Goods MA,VAT 22% Goods (MA),VAT 22%,37,22,percent,purchase,tax_group_iva_23,,consu,100,base,invoice,,,IVA,,,False
,,,,,,,,,,,100,tax,invoice,+trp_tax_favor_company_24,chart_24321,,,,
,,,,,,,,,,,100,base,refund,,,,,,
,,,,,,,,,,,100,tax,refund,-trp_tax_favor_company_24,chart_24342,,,,
iva_pt_ma_purchase_normal_ic,22% Goods MA(Intracommunity),VAT 22% Goods (MA)(IC),VAT 22%,37,22,percent,purchase,tax_group_iva_23,,consu,100,base,invoice,,,IVA,,,False
,,,,,,,,,,,100,tax,invoice,+trp_tax_favor_company_24,chart_24321,,,,
,,,,,,,,,,,-100,tax,invoice,+trp_tax_favor_company_24,chart_24331,,,,
,,,,,,,,,,,100,base,refund,,,,,,
,,,,,,,,,,,100,tax,refund,-trp_tax_favor_company_24,chart_24342,,,,
,,,,,,,,,,,-100,tax,refund,-trp_tax_favor_company_24,chart_24341,,,,
iva_pt_ma_purchase_normal_ec,22% Goods MA(Extracommunity),VAT 22% Goods (MA)(EC),VAT 22%,37,22,percent,purchase,tax_group_iva_23,,consu,100,base,invoice,,,IVA,,,False
,,,,,,,,,,,100,tax,invoice,+trp_tax_favor_company_24,chart_24321,,,,
,,,,,,,,,,,-100,tax,invoice,+trp_tax_favor_company_24,chart_24331,,,,
,,,,,,,,,,,100,base,refund,,,,,,
,,,,,,,,,,,100,tax,refund,-trp_tax_favor_company_24,chart_24342,,,,
,,,,,,,,,,,-100,tax,refund,-trp_tax_favor_company_24,chart_24341,,,,
iva_pt_ma_purchase_normal_service,22% Services MA,VAT 22% Services (MA),VAT 22%,38,22,percent,purchase,tax_group_iva_23,,service,100,base,invoice,,,IVA,,,False
,,,,,,,,,,,100,tax,invoice,+trp_tax_favor_company_24,chart_24323,,,,
,,,,,,,,,,,100,base,refund,,,,,,
,,,,,,,,,,,100,tax,refund,-trp_tax_favor_company_24,chart_24342,,,,
iva_pt_ma_purchase_normal_service_ic,22% Services MA(Intracommunity),VAT 22% Services (MA)(IC),VAT 22%,38,22,percent,purchase,tax_group_iva_23,,service,100,base,invoice,,,IVA,,,False
,,,,,,,,,,,100,tax,invoice,+trp_tax_favor_company_24,chart_24323,,,,
,,,,,,,,,,,-100,tax,invoice,+trp_tax_favor_company_24,chart_24333,,,,
,,,,,,,,,,,100,base,refund,,,,,,
,,,,,,,,,,,100,tax,refund,-trp_tax_favor_company_24,chart_24342,,,,
,,,,,,,,,,,-100,tax,refund,-trp_tax_favor_company_24,chart_24341,,,,
iva_pt_ma_purchase_normal_service_ec,22% Services MA(Extracommunity),VAT 22% Services (MA)(EC),VAT 22%,38,22,percent,purchase,tax_group_iva_23,,service,100,base,invoice,,,IVA,,,False
,,,,,,,,,,,100,tax,invoice,+trp_tax_favor_company_24,chart_24323,,,,
,,,,,,,,,,,-100,tax,invoice,+trp_tax_favor_company_24,chart_24333,,,,
,,,,,,,,,,,100,base,refund,,,,,,
,,,,,,,,,,,100,tax,refund,-trp_tax_favor_company_24,chart_24342,,,,
,,,,,,,,,,,-100,tax,refund,-trp_tax_favor_company_24,chart_24341,,,,
iva_pt_ma_purchase_normal_fixed_assets,22% Fixed Assets MA,VAT 22% Fixed Assets (MA),VAT 22%,39,22,percent,purchase,tax_group_iva_23,,,100,base,invoice,,,IVA,,,False
,,,,,,,,,,,100,tax,invoice,+trp_tax_favor_company_24,chart_24322,,,,
,,,,,,,,,,,100,base,refund,,,,,,
,,,,,,,,,,,100,tax,refund,-trp_tax_favor_company_24,chart_24342,,,,
iva_pt_ma_purchase_normal_fixed_assets_ic,22% Fixed Assets MA(Intracommunity),VAT 22% Fixed Assets (MA)(IC),VAT 22%,39,22,percent,purchase,tax_group_iva_23,,,100,base,invoice,,,IVA,,,False
,,,,,,,,,,,100,tax,invoice,+trp_tax_favor_company_24,chart_24322,,,,
,,,,,,,,,,,-100,tax,invoice,+trp_tax_favor_company_24,chart_24332,,,,
,,,,,,,,,,,100,base,refund,,,,,,
,,,,,,,,,,,100,tax,refund,-trp_tax_favor_company_24,chart_24342,,,,
,,,,,,,,,,,-100,tax,refund,-trp_tax_favor_company_24,chart_24341,,,,
iva_pt_ma_purchase_normal_fixed_assets_ec,22% Fixed Assets MA(Extracommunity),VAT 22% Fixed Assets (MA)(EC),VAT 22%,39,22,percent,purchase,tax_group_iva_23,,,100,base,invoice,,,IVA,,,False
,,,,,,,,,,,100,tax,invoice,+trp_tax_favor_company_24,chart_24322,,,,
,,,,,,,,,,,-100,tax,invoice,+trp_tax_favor_company_24,chart_24332,,,,
,,,,,,,,,,,100,base,refund,,,,,,
,,,,,,,,,,,100,tax,refund,-trp_tax_favor_company_24,chart_24342,,,,
,,,,,,,,,,,-100,tax,refund,-trp_tax_favor_company_24,chart_24341,,,,
iva_pt_ma_purchase_intermedia,12% Goods MA,VAT 12% Goods(MA),VAT 12%,40,12,percent,purchase,tax_group_iva_13,,consu,100,base,invoice,,,IVA,,,False
,,,,,,,,,,,100,tax,invoice,+trp_tax_favor_company_24,chart_24331,,,,
,,,,,,,,,,,100,base,refund,,,,,,
,,,,,,,,,,,100,tax,refund,+trp_tax_favor_company_24,chart_24341,,,,
iva_pt_ma_purchase_intermedia_ic,12% Goods MA(Intracommunity),VAT 12% Goods(MA)(IC),VAT 12%,40,12,percent,purchase,tax_group_iva_13,,consu,100,base,invoice,,,IVA,,,False
,,,,,,,,,,,100,tax,invoice,+trp_tax_favor_company_24,chart_24321,,,,
,,,,,,,,,,,-100,tax,invoice,+trp_tax_favor_company_24,chart_24331,,,,
,,,,,,,,,,,100,base,refund,,,,,,
,,,,,,,,,,,100,tax,refund,+trp_tax_favor_company_24,chart_24342,,,,
,,,,,,,,,,,-100,tax,refund,+trp_tax_favor_company_24,chart_24341,,,,
iva_pt_ma_purchase_intermedia_ec,12% Goods MA(Extracommunity),VAT 12% Goods(MA)(EC),VAT 12%,40,12,percent,purchase,tax_group_iva_13,,consu,100,base,invoice,,,IVA,,,False
,,,,,,,,,,,100,tax,invoice,+trp_tax_favor_company_24,chart_24321,,,,
,,,,,,,,,,,-100,tax,invoice,+trp_tax_favor_company_24,chart_24331,,,,
,,,,,,,,,,,100,base,refund,,,,,,
,,,,,,,,,,,100,tax,refund,+trp_tax_favor_company_24,chart_24342,,,,
,,,,,,,,,,,-100,tax,refund,+trp_tax_favor_company_24,chart_24341,,,,
iva_pt_ma_purchase_intermedia_service,12% Services MA,VAT 12% Services(MA),VAT 12%,41,12,percent,purchase,tax_group_iva_13,,service,100,base,invoice,,,IVA,,,False
,,,,,,,,,,,100,tax,invoice,+trp_tax_favor_company_24,chart_24333,,,,
,,,,,,,,,,,100,base,refund,,,,,,
,,,,,,,,,,,100,tax,refund,+trp_tax_favor_company_24,chart_24341,,,,
iva_pt_ma_purchase_intermedia_service_ic,12% Services MA(Intracommunity),VAT 12% Services(MA)(IC),VAT 12%,41,12,percent,purchase,tax_group_iva_13,,service,100,base,invoice,,,IVA,,,False
,,,,,,,,,,,100,tax,invoice,+trp_tax_favor_company_24,chart_24323,,,,
,,,,,,,,,,,-100,tax,invoice,+trp_tax_favor_company_24,chart_24333,,,,
,,,,,,,,,,,100,base,refund,,,,,,
,,,,,,,,,,,100,tax,refund,+trp_tax_favor_company_24,chart_24342,,,,
,,,,,,,,,,,-100,tax,refund,+trp_tax_favor_company_24,chart_24341,,,,
iva_pt_ma_purchase_intermedia_service_ec,12% Services MA(Extracommunity),VAT 12% Services(MA)(EC),VAT 12%,41,12,percent,purchase,tax_group_iva_13,,service,100,base,invoice,,,IVA,,,False
,,,,,,,,,,,100,tax,invoice,+trp_tax_favor_company_24,chart_24323,,,,
,,,,,,,,,,,-100,tax,invoice,+trp_tax_favor_company_24,chart_24333,,,,
,,,,,,,,,,,100,base,refund,,,,,,
,,,,,,,,,,,100,tax,refund,+trp_tax_favor_company_24,chart_24342,,,,
,,,,,,,,,,,-100,tax,refund,+trp_tax_favor_company_24,chart_24341,,,,
iva_pt_ma_purchase_intermedia_fixed_assets,12% Fixed Assets MA,VAT 12% Fixed Assets(MA),VAT 12%,42,12,percent,purchase,tax_group_iva_13,,,100,base,invoice,,,IVA,,,False
,,,,,,,,,,,100,tax,invoice,+trp_tax_favor_company_24,chart_24322,,,,
,,,,,,,,,,,100,base,refund,,,,,,
,,,,,,,,,,,100,tax,refund,+trp_tax_favor_company_24,chart_24342,,,,
iva_pt_ma_purchase_intermedia_fixed_assets_ic,12% Fixed Assets MA(Intracommunity),VAT 12% Fixed Assets(MA)(IC),VAT 12%,42,12,percent,purchase,tax_group_iva_13,,,100,base,invoice,,,IVA,,,False
,,,,,,,,,,,100,tax,invoice,+trp_tax_favor_company_24,chart_24322,,,,
,,,,,,,,,,,-100,tax,invoice,+trp_tax_favor_company_24,chart_24332,,,,
,,,,,,,,,,,100,base,refund,,,,,,
,,,,,,,,,,,100,tax,refund,+trp_tax_favor_company_24,chart_24342,,,,
,,,,,,,,,,,-100,tax,refund,+trp_tax_favor_company_24,chart_24341,,,,
iva_pt_ma_purchase_intermedia_fixed_assets_ec,12% Fixed Assets MA(Extracommunity),VAT 12% Fixed Assets(MA)(EC),VAT 12%,42,12,percent,purchase,tax_group_iva_13,,,100,base,invoice,,,IVA,,,False
,,,,,,,,,,,100,tax,invoice,+trp_tax_favor_company_24,chart_24322,,,,
,,,,,,,,,,,-100,tax,invoice,+trp_tax_favor_company_24,chart_24332,,,,
,,,,,,,,,,,100,base,refund,,,,,,
,,,,,,,,,,,100,tax,refund,+trp_tax_favor_company_24,chart_24342,,,,
,,,,,,,,,,,-100,tax,refund,+trp_tax_favor_company_24,chart_24341,,,,
iva_pt_ma_purchase_reduzida,4% Goods MA,VAT 4% Goods(MA),VAT 4%,43,4,percent,purchase,tax_group_iva_6,,consu,100,base,invoice,,,IVA,,,False
,,,,,,,,,,,100,tax,invoice,+trp_tax_favor_company_24,chart_24331,,,,
,,,,,,,,,,,100,base,refund,,,,,,
,,,,,,,,,,,100,tax,refund,+trp_tax_favor_company_24,chart_24341,,,,
iva_pt_ma_purchase_reduzida_ec,4% Goods MA(Extracommunity),VAT 4% Goods(MA)(EC),VAT 4%,43,4,percent,purchase,tax_group_iva_6,,consu,100,base,invoice,,,IVA,,,False
,,,,,,,,,,,100,tax,invoice,+trp_tax_favor_company_24,chart_24321,,,,
,,,,,,,,,,,-100,tax,invoice,+trp_tax_favor_company_24,chart_24331,,,,
,,,,,,,,,,,100,base,refund,,,,,,
,,,,,,,,,,,100,tax,refund,+trp_tax_favor_company_24,chart_24342,,,,
,,,,,,,,,,,-100,tax,refund,+trp_tax_favor_company_24,chart_24341,,,,
iva_pt_ma_purchase_reduzida_service,4% Services MA,VAT 4% Services(MA),VAT 4%,44,4,percent,purchase,tax_group_iva_6,,service,100,base,invoice,,,IVA,,,False
,,,,,,,,,,,100,tax,invoice,+trp_tax_favor_company_24,chart_24333,,,,
,,,,,,,,,,,100,base,refund,,,,,,
,,,,,,,,,,,100,tax,refund,+trp_tax_favor_company_24,chart_24341,,,,
iva_pt_ma_purchase_reduzida_service_ic,4% Services MA(Intracommunity),VAT 4% Services(MA)(IC),VAT 4%,44,4,percent,purchase,tax_group_iva_6,,service,100,base,invoice,,,IVA,,,False
,,,,,,,,,,,100,tax,invoice,+trp_tax_favor_company_24,chart_24323,,,,
,,,,,,,,,,,-100,tax,invoice,+trp_tax_favor_company_24,chart_24333,,,,
,,,,,,,,,,,100,base,refund,,,,,,
,,,,,,,,,,,100,tax,refund,+trp_tax_favor_company_24,chart_24342,,,,
,,,,,,,,,,,-100,tax,refund,+trp_tax_favor_company_24,chart_24341,,,,
iva_pt_ma_purchase_reduzida_service_ec,4% Services MA(Extracommunity),VAT 4% Services(MA)(EC),VAT 4%,44,4,percent,purchase,tax_group_iva_6,,service,100,base,invoice,,,IVA,,,False
,,,,,,,,,,,100,tax,invoice,+trp_tax_favor_company_24,chart_24323,,,,
,,,,,,,,,,,-100,tax,invoice,+trp_tax_favor_company_24,chart_24333,,,,
,,,,,,,,,,,100,base,refund,,,,,,
,,,,,,,,,,,100,tax,refund,+trp_tax_favor_company_24,chart_24342,,,,
,,,,,,,,,,,-100,tax,refund,+trp_tax_favor_company_24,chart_24341,,,,
iva_pt_ma_purchase_reduzida_fixed_assets,4% Fixed Assets MA,VAT 4% Fixed Assets(MA),VAT 4%,45,4,percent,purchase,tax_group_iva_6,,,100,base,invoice,,,IVA,,,False
,,,,,,,,,,,100,tax,invoice,+trp_tax_favor_company_24,chart_24322,,,,
,,,,,,,,,,,100,base,refund,,,,,,
,,,,,,,,,,,100,tax,refund,+trp_tax_favor_company_24,chart_24342,,,,
iva_pt_ma_purchase_reduzida_fixed_assets_ic,4% Fixed Assets MA(Intracommunity),VAT 4% Fixed Assets(MA)(IC),VAT 4%,45,4,percent,purchase,tax_group_iva_6,,,100,base,invoice,,,IVA,,,False
,,,,,,,,,,,100,tax,invoice,+trp_tax_favor_company_24,chart_24322,,,,
,,,,,,,,,,,-100,tax,invoice,+trp_tax_favor_company_24,chart_24332,,,,
,,,,,,,,,,,100,base,refund,,,,,,
,,,,,,,,,,,100,tax,refund,+trp_tax_favor_company_24,chart_24342,,,,
,,,,,,,,,,,-100,tax,refund,+trp_tax_favor_company_24,chart_24341,,,,
iva_pt_ma_purchase_reduzida_fixed_assets_ec,4% Fixed Assets MA(Extracommunity),VAT 4% Fixed Assets(MA)(EC),VAT 4%,45,4,percent,purchase,tax_group_iva_6,,,100,base,invoice,,,IVA,,,False
,,,,,,,,,,,100,tax,invoice,+trp_tax_favor_company_24,chart_24322,,,,
,,,,,,,,,,,-100,tax,invoice,+trp_tax_favor_company_24,chart_24332,,,,
,,,,,,,,,,,100,base,refund,,,,,,
,,,,,,,,,,,100,tax,refund,+trp_tax_favor_company_24,chart_24342,,,,
,,,,,,,,,,,-100,tax,refund,+trp_tax_favor_company_24,chart_24341,,,,
iva_pt_ma_purchase_eu_normal_bens,22% EU G MA,22% EU G (MA),VAT 22%,46,22,percent,purchase,tax_group_iva_22,,consu,100,base,invoice,+trp_base_12,,IVA,,,False
,,,,,,,,,,,100,tax,invoice,+trp_tax_favor_state_13,chart_24321,,,,
,,,,,,,,,,,-100,tax,invoice,-trp_tax_favor_company_22,chart_24331,,,,
,,,,,,,,,,,100,base,refund,-trp_base_12,,,,,
,,,,,,,,,,,100,tax,refund,-trp_tax_favor_state_13,chart_24321,,,,
,,,,,,,,,,,-100,tax,refund,+trp_tax_favor_company_22,chart_24341,,,,
iva_pt_ma_purchase_eu_normal_servicos,22% EU S MA,22% EU S (MA),VAT 22%,47,22,percent,purchase,tax_group_iva_22,,service,100,base,invoice,+trp_base_16,,IVA,,,False
,,,,,,,,,,,100,tax,invoice,+trp_tax_favor_state_17,chart_24323,,,,
,,,,,,,,,,,-100,tax,invoice,-trp_tax_favor_company_22,chart_24333,,,,
,,,,,,,,,,,100,base,refund,-trp_base_16,,,,,
,,,,,,,,,,,100,tax,refund,-trp_tax_favor_state_17,chart_24342,,,,
,,,,,,,,,,,-100,tax,refund,-trp_tax_favor_company_22,chart_24341,,,,
iva_pt_ma_purchase_eu_normal_fixed_assets,22% EU FA MA,22% EU FA (MA),VAT 22%,48,22,percent,purchase,tax_group_iva_22,,,100,base,invoice,+trp_base_16,,IVA,,,False
,,,,,,,,,,,100,tax,invoice,+trp_tax_favor_state_17,chart_24322,,,,
,,,,,,,,,,,-100,tax,invoice,-trp_tax_favor_company_22,chart_24332,,,,
,,,,,,,,,,,100,base,refund,-trp_base_16,,,,,
,,,,,,,,,,,100,tax,refund,-trp_tax_favor_state_17,chart_24342,,,,
,,,,,,,,,,,-100,tax,refund,-trp_tax_favor_company_22,chart_24341,,,,
iva_pt_ma_purchase_eu_intermedia_bens,12% EU G MA,12% EU G (MA),VAT 12%,49,12,percent,purchase,tax_group_iva_12,,consu,100,base,invoice,+trp_base_12,,IVA,,,False
,,,,,,,,,,,100,tax,invoice,+trp_tax_favor_state_13,chart_24321,,,,
,,,,,,,,,,,-100,tax,invoice,-trp_tax_favor_company_23,chart_24331,,,,
,,,,,,,,,,,100,base,refund,-trp_base_12,,,,,
,,,,,,,,,,,100,tax,refund,-trp_tax_favor_state_13,chart_24342,,,,
,,,,,,,,,,,-100,tax,refund,+trp_tax_favor_company_23,chart_24341,,,,
iva_pt_ma_purchase_eu_intermedia_servicos,12% EU S MA,12% EU S (MA),VAT 12%,50,12,percent,purchase,tax_group_iva_12,,service,100,base,invoice,+trp_base_16,,IVA,,,False
,,,,,,,,,,,100,tax,invoice,+trp_tax_favor_state_17,chart_24323,,,,
,,,,,,,,,,,-100,tax,invoice,-trp_tax_favor_company_23,chart_24333,,,,
,,,,,,,,,,,100,base,refund,-trp_base_16,,,,,
,,,,,,,,,,,100,tax,refund,-trp_tax_favor_state_17,chart_24342,,,,
,,,,,,,,,,,-100,tax,refund,-trp_tax_favor_company_23,chart_24341,,,,
iva_pt_ma_purchase_eu_intermedia_fixed_assets,12% EU FA MA,12% EU FA (MA),VAT 12%,51,12,percent,purchase,tax_group_iva_12,,,100,base,invoice,+trp_base_16,,IVA,,,False
,,,,,,,,,,,100,tax,invoice,+trp_tax_favor_state_17,chart_24322,,,,
,,,,,,,,,,,-100,tax,invoice,-trp_tax_favor_company_23,chart_24332,,,,
,,,,,,,,,,,100,base,refund,-trp_base_16,,,,,
,,,,,,,,,,,100,tax,refund,-trp_tax_favor_state_17,chart_24342,,,,
,,,,,,,,,,,-100,tax,refund,-trp_tax_favor_company_23,chart_24341,,,,
iva_pt_ma_purchase_eu_reduzida_bens,4% EU G MA,4% EU G (MA),VAT 4%,52,4,percent,purchase,tax_group_iva_5,,consu,100,base,invoice,+trp_base_12,,IVA,,,False
,,,,,,,,,,,100,tax,invoice,+trp_tax_favor_state_13,chart_24321,,,,
,,,,,,,,,,,-100,tax,invoice,-trp_tax_favor_company_21,chart_24331,,,,
,,,,,,,,,,,100,base,refund,-trp_base_12,,,,,
,,,,,,,,,,,100,tax,refund,-trp_tax_favor_state_13,chart_24342,,,,
,,,,,,,,,,,-100,tax,refund,+trp_tax_favor_company_21,chart_24341,,,,
iva_pt_ma_purchase_eu_reduzida_servicos,4% EU S MA,4% EU S (MA),VAT 4%,53,4,percent,purchase,tax_group_iva_5,,service,100,base,invoice,+trp_base_16,,IVA,,,False
,,,,,,,,,,,100,tax,invoice,+trp_tax_favor_state_17,chart_24323,,,,
,,,,,,,,,,,-100,tax,invoice,-trp_tax_favor_company_21,chart_24333,,,,
,,,,,,,,,,,100,base,refund,-trp_base_16,,,,,
,,,,,,,,,,,100,tax,refund,-trp_tax_favor_state_17,chart_24342,,,,
,,,,,,,,,,,-100,tax,refund,-trp_tax_favor_company_21,chart_24341,,,,
iva_pt_ma_purchase_eu_reduzida_fixed_assets,4% EU FA MA,4% EU FA (MA),VAT 4%,54,4,percent,purchase,tax_group_iva_5,,,100,base,invoice,+trp_base_16,,IVA,,,False
,,,,,,,,,,,100,tax,invoice,+trp_tax_favor_state_17,chart_24322,,,,
,,,,,,,,,,,-100,tax,invoice,-trp_tax_favor_company_21,chart_24332,,,,
,,,,,,,,,,,100,base,refund,-trp_base_16,,,,,
,,,,,,,,,,,100,tax,refund,-trp_tax_favor_state_17,chart_24342,,,,
,,,,,,,,,,,-100,tax,refund,-trp_tax_favor_company_21,chart_24341,,,,
iva_pt_ac_sale_normal,16% Goods AZ,16% Goods(AZ),VAT 16%,55,16,percent,sale,tax_group_iva_16,,consu,100,base,invoice,+trp_base_3,,IVA,,,False
,,,,,,,,,,,100,tax,invoice,+trp_tax_favor_state_4,chart_24331,,,,
iva_pt_ac_sale_normal_service,16% Services AZ,16% Services(AZ),VAT 16%,56,16,percent,sale,tax_group_iva_16,,service,100,base,invoice,+trp_base_3,,IVA,,,False
,,,,,,,,,,,100,tax,invoice,+trp_tax_favor_state_4,chart_24333,,,,
iva_pt_ac_sale_intermedia,9% Goods AZ,9% Goods(AZ),VAT 9%,57,9,percent,sale,tax_group_iva_9,,consu,100,base,invoice,+trp_base_5,,IVA,,,False
,,,,,,,,,,,100,tax,invoice,+trp_tax_favor_state_6,chart_24331,,,,
iva_pt_ac_sale_intermedia_service,9% Services AZ,9% Services(AZ),VAT 9%,58,9,percent,sale,tax_group_iva_9,,service,100,base,invoice,+trp_base_5,,IVA,,,False
,,,,,,,,,,,100,tax,invoice,+trp_tax_favor_state_6,chart_24333,,,,
iva_pt_ac_sale_reduzida,4% Goods AZ,4% Goods(AZ),VAT 4%,59,4,percent,sale,tax_group_iva_4,,consu,100,base,invoice,+trp_base_1,,IVA,,,False
,,,,,,,,,,,100,tax,invoice,+trp_tax_favor_state_2,chart_24331,,,,
,,,,,,,,,,,100,base,refund,-trp_base_1,,,,,
,,,,,,,,,,,100,tax,refund,-trp_tax_favor_state_2,chart_24341,,,,
iva_pt_ac_sale_reduzida_service,4% Services AZ,4% Services(AZ),VAT 4%,60,4,percent,sale,tax_group_iva_4,,service,100,base,invoice,+trp_base_1,,IVA,,,False
,,,,,,,,,,,100,tax,invoice,+trp_tax_favor_state_2,chart_24333,,,,
,,,,,,,,,,,100,base,refund,-trp_base_1,,,,,
,,,,,,,,,,,100,tax,refund,-trp_tax_favor_state_2,chart_24341,,,,
iva_pt_ac_purchase_normal,16% Goods AZ,VAT 16% Goods(AZ),VAT 16%,61,16,percent,purchase,tax_group_iva_23,,consu,100,base,invoice,,,IVA,,,False
,,,,,,,,,,,100,tax,invoice,+trp_tax_favor_company_24,chart_24321,,,,
,,,,,,,,,,,100,base,refund,,,,,,
,,,,,,,,,,,100,tax,refund,-trp_tax_favor_company_24,chart_24342,,,,
iva_pt_ac_purchase_normal_ic,16% Goods AZ(Intracommunity),VAT 16% Goods(AZ)(IC),VAT 16%,61,16,percent,purchase,tax_group_iva_23,,consu,100,base,invoice,,,IVA,,,False
,,,,,,,,,,,100,tax,invoice,+trp_tax_favor_company_24,chart_24321,,,,
,,,,,,,,,,,-100,tax,invoice,+trp_tax_favor_company_24,chart_24331,,,,
,,,,,,,,,,,100,base,refund,,,,,,
,,,,,,,,,,,100,tax,refund,-trp_tax_favor_company_24,chart_24342,,,,
,,,,,,,,,,,-100,tax,refund,-trp_tax_favor_company_24,chart_24341,,,,
iva_pt_ac_purchase_normal_ec,16% Goods AZ(Extracommunity),VAT 16% Goods(AZ)(EC),VAT 16%,61,16,percent,purchase,tax_group_iva_23,,consu,100,base,invoice,,,IVA,,,False
,,,,,,,,,,,100,tax,invoice,+trp_tax_favor_company_24,chart_24321,,,,
,,,,,,,,,,,-100,tax,invoice,+trp_tax_favor_company_24,chart_24331,,,,
,,,,,,,,,,,100,base,refund,,,,,,
,,,,,,,,,,,100,tax,refund,-trp_tax_favor_company_24,chart_24342,,,,
,,,,,,,,,,,-100,tax,refund,-trp_tax_favor_company_24,chart_24341,,,,
iva_pt_ac_purchase_normal_service,16% Services AZ,VAT 16% Services(AZ),VAT 16%,62,16,percent,purchase,tax_group_iva_23,,service,100,base,invoice,,,IVA,,,False
,,,,,,,,,,,100,tax,invoice,+trp_tax_favor_company_24,chart_24323,,,,
,,,,,,,,,,,100,base,refund,,,,,,
,,,,,,,,,,,100,tax,refund,-trp_tax_favor_company_24,chart_24342,,,,
iva_pt_ac_purchase_normal_service_ic,16% Services AZ(Intracommunity),VAT 16% Services(AZ)(IC),VAT 16%,62,16,percent,purchase,tax_group_iva_23,,service,100,base,invoice,,,IVA,,,False
,,,,,,,,,,,100,tax,invoice,+trp_tax_favor_company_24,chart_24323,,,,
,,,,,,,,,,,-100,tax,invoice,+trp_tax_favor_company_24,chart_24333,,,,
,,,,,,,,,,,100,base,refund,,,,,,
,,,,,,,,,,,100,tax,refund,-trp_tax_favor_company_24,chart_24342,,,,
,,,,,,,,,,,-100,tax,refund,-trp_tax_favor_company_24,chart_24341,,,,
iva_pt_ac_purchase_normal_service_ec,16% Services AZ(Extracommunity),VAT 16% Services(AZ)(EC),VAT 16%,62,16,percent,purchase,tax_group_iva_23,,service,100,base,invoice,,,IVA,,,False
,,,,,,,,,,,100,tax,invoice,+trp_tax_favor_company_24,chart_24323,,,,
,,,,,,,,,,,-100,tax,invoice,+trp_tax_favor_company_24,chart_24333,,,,
,,,,,,,,,,,100,base,refund,,,,,,
,,,,,,,,,,,100,tax,refund,-trp_tax_favor_company_24,chart_24342,,,,
,,,,,,,,,,,-100,tax,refund,-trp_tax_favor_company_24,chart_24341,,,,
iva_pt_ac_purchase_normal_fixed_assets,16% Fixed Assets AZ,VAT 16% Services(AZ),VAT 16%,63,16,percent,purchase,tax_group_iva_23,,,100,base,invoice,,,IVA,,,False
,,,,,,,,,,,100,tax,invoice,+trp_tax_favor_company_24,chart_24322,,,,
,,,,,,,,,,,100,base,refund,,,,,,
,,,,,,,,,,,100,tax,refund,-trp_tax_favor_company_24,chart_24342,,,,
iva_pt_ac_purchase_normal_fixed_assets_ic,16% Fixed Assets AZ (Intracommunity),VAT 16% Services(AZ)(IC),VAT 16%,63,16,percent,purchase,tax_group_iva_23,,,100,base,invoice,,,IVA,,,False
,,,,,,,,,,,100,tax,invoice,+trp_tax_favor_company_24,chart_24322,,,,
,,,,,,,,,,,-100,tax,invoice,+trp_tax_favor_company_24,chart_24332,,,,
,,,,,,,,,,,100,base,refund,,,,,,
,,,,,,,,,,,100,tax,refund,-trp_tax_favor_company_24,chart_24342,,,,
,,,,,,,,,,,-100,tax,refund,-trp_tax_favor_company_24,chart_24341,,,,
iva_pt_ac_purchase_normal_fixed_assets_ec,16% Fixed Assets AZ (Extracommunity),VAT 16% Services(AZ)(EC),VAT 16%,63,16,percent,purchase,tax_group_iva_23,,,100,base,invoice,,,IVA,,,False
,,,,,,,,,,,100,tax,invoice,+trp_tax_favor_company_24,chart_24322,,,,
,,,,,,,,,,,-100,tax,invoice,+trp_tax_favor_company_24,chart_24332,,,,
,,,,,,,,,,,100,base,refund,,,,,,
,,,,,,,,,,,100,tax,refund,-trp_tax_favor_company_24,chart_24342,,,,
,,,,,,,,,,,-100,tax,refund,-trp_tax_favor_company_24,chart_24341,,,,
iva_pt_ac_purchase_intermedia,9% Goods AZ,VAT 9% Goods(AZ),VAT 9%,64,9,percent,purchase,tax_group_iva_13,,consu,100,base,invoice,,,IVA,,,False
,,,,,,,,,,,100,tax,invoice,+trp_tax_favor_company_24,chart_24321,,,,
,,,,,,,,,,,100,base,refund,,,,,,
,,,,,,,,,,,100,tax,refund,+trp_tax_favor_company_24,chart_24342,,,,
iva_pt_ac_purchase_intermedia_ic,9% Goods AZ(Intracommunity),VAT 9% Goods(AZ)(IC),VAT 9%,64,9,percent,purchase,tax_group_iva_13,,consu,100,base,invoice,,,IVA,,,False
,,,,,,,,,,,100,tax,invoice,+trp_tax_favor_company_24,chart_24321,,,,
,,,,,,,,,,,-100,tax,invoice,+trp_tax_favor_company_24,chart_24331,,,,
,,,,,,,,,,,100,base,refund,,,,,,
,,,,,,,,,,,100,tax,refund,+trp_tax_favor_company_24,chart_24342,,,,
,,,,,,,,,,,-100,tax,refund,+trp_tax_favor_company_24,chart_24341,,,,
iva_pt_ac_purchase_intermedia_ec,9% Goods AZ(Extracommunity),VAT 9% Goods(AZ)(EC),VAT 9%,64,9,percent,purchase,tax_group_iva_13,,consu,100,base,invoice,,,IVA,,,False
,,,,,,,,,,,100,tax,invoice,+trp_tax_favor_company_24,chart_24321,,,,
,,,,,,,,,,,-100,tax,invoice,+trp_tax_favor_company_24,chart_24331,,,,
,,,,,,,,,,,100,base,refund,,,,,,
,,,,,,,,,,,100,tax,refund,+trp_tax_favor_company_24,chart_24342,,,,
,,,,,,,,,,,-100,tax,refund,+trp_tax_favor_company_24,chart_24341,,,,
iva_pt_ac_purchase_intermedia_service,9% Services AZ,VAT 9% Services(AZ),VAT 9%,65,9,percent,purchase,tax_group_iva_13,,service,100,base,invoice,,,IVA,,,False
,,,,,,,,,,,100,tax,invoice,+trp_tax_favor_company_24,chart_24323,,,,
,,,,,,,,,,,100,base,refund,,,,,,
,,,,,,,,,,,100,tax,refund,+trp_tax_favor_company_24,chart_24342,,,,
iva_pt_ac_purchase_intermedia_service_ic,9% Services AZ(Intracommunity),VAT 9% Services(AZ)(IC),VAT 9%,65,9,percent,purchase,tax_group_iva_13,,service,100,base,invoice,,,IVA,,,False
,,,,,,,,,,,100,tax,invoice,+trp_tax_favor_company_24,chart_24323,,,,
,,,,,,,,,,,-100,tax,invoice,+trp_tax_favor_company_24,chart_24333,,,,
,,,,,,,,,,,100,base,refund,,,,,,
,,,,,,,,,,,100,tax,refund,+trp_tax_favor_company_24,chart_24342,,,,
,,,,,,,,,,,-100,tax,refund,+trp_tax_favor_company_24,chart_24341,,,,
iva_pt_ac_purchase_intermedia_service_ec,9% Services AZ(Extracommunity),VAT 9% Services(AZ)(EC),VAT 9%,65,9,percent,purchase,tax_group_iva_13,,service,100,base,invoice,,,IVA,,,False
,,,,,,,,,,,100,tax,invoice,+trp_tax_favor_company_24,chart_24323,,,,
,,,,,,,,,,,-100,tax,invoice,+trp_tax_favor_company_24,chart_24333,,,,
,,,,,,,,,,,100,base,refund,,,,,,
,,,,,,,,,,,100,tax,refund,+trp_tax_favor_company_24,chart_24342,,,,
,,,,,,,,,,,-100,tax,refund,+trp_tax_favor_company_24,chart_24341,,,,
iva_pt_ac_purchase_intermedia_fixed_assets,9% Fixed Assets AZ,VAT 9% Fixed Assets(AZ),VAT 9%,66,9,percent,purchase,tax_group_iva_13,,,100,base,invoice,,,IVA,,,False
,,,,,,,,,,,100,tax,invoice,+trp_tax_favor_company_24,chart_24322,,,,
,,,,,,,,,,,100,base,refund,,,,,,
,,,,,,,,,,,100,tax,refund,+trp_tax_favor_company_24,chart_24342,,,,
iva_pt_ac_purchase_intermedia_fixed_assets_ic,9% Fixed Assets AZ(Intracommunity),VAT 9% Fixed Assets(AZ)(IC),VAT 9%,66,9,percent,purchase,tax_group_iva_13,,,100,base,invoice,,,IVA,,,False
,,,,,,,,,,,100,tax,invoice,+trp_tax_favor_company_24,chart_24322,,,,
,,,,,,,,,,,-100,tax,invoice,+trp_tax_favor_company_24,chart_24332,,,,
,,,,,,,,,,,100,base,refund,,,,,,
,,,,,,,,,,,100,tax,refund,+trp_tax_favor_company_24,chart_24342,,,,
,,,,,,,,,,,-100,tax,refund,+trp_tax_favor_company_24,chart_24341,,,,
iva_pt_ac_purchase_intermedia_fixed_assets_ec,9% Fixed Assets AZ(Extracommunity),VAT 9% Fixed Assets(AZ)(EC),VAT 9%,66,9,percent,purchase,tax_group_iva_13,,,100,base,invoice,,,IVA,,,False
,,,,,,,,,,,100,tax,invoice,+trp_tax_favor_company_24,chart_24322,,,,
,,,,,,,,,,,-100,tax,invoice,+trp_tax_favor_company_24,chart_24332,,,,
,,,,,,,,,,,100,base,refund,,,,,,
,,,,,,,,,,,100,tax,refund,+trp_tax_favor_company_24,chart_24342,,,,
,,,,,,,,,,,-100,tax,refund,+trp_tax_favor_company_24,chart_24341,,,,
iva_pt_ac_purchase_reduzida,4% Goods AZ,VAT 4% Goods(AZ),VAT 4%,67,4,percent,purchase,tax_group_iva_6,,consu,100,base,invoice,,,IVA,,,False
,,,,,,,,,,,100,tax,invoice,+trp_tax_favor_company_24,chart_24321,,,,
,,,,,,,,,,,100,base,refund,,,,,,
,,,,,,,,,,,100,tax,refund,+trp_tax_favor_company_24,chart_24342,,,,
iva_pt_ac_purchase_reduzida_ic,4% Goods AZ(Intracommunity),VAT 4% Goods(AZ)(IC),VAT 4%,67,4,percent,purchase,tax_group_iva_6,,consu,100,base,invoice,,,IVA,,,False
,,,,,,,,,,,100,tax,invoice,+trp_tax_favor_company_24,chart_24321,,,,
,,,,,,,,,,,-100,tax,invoice,+trp_tax_favor_company_24,chart_24331,,,,
,,,,,,,,,,,100,base,refund,,,,,,
,,,,,,,,,,,100,tax,refund,+trp_tax_favor_company_24,chart_24342,,,,
,,,,,,,,,,,-100,tax,refund,+trp_tax_favor_company_24,chart_24341,,,,
iva_pt_ac_purchase_reduzida_ec,4% Goods AZ(Extracommunity),VAT 4% Goods(AZ)(EC),VAT 4%,67,4,percent,purchase,tax_group_iva_6,,consu,100,base,invoice,,,IVA,,,False
,,,,,,,,,,,100,tax,invoice,+trp_tax_favor_company_24,chart_24321,,,,
,,,,,,,,,,,-100,tax,invoice,+trp_tax_favor_company_24,chart_24331,,,,
,,,,,,,,,,,100,base,refund,,,,,,
,,,,,,,,,,,100,tax,refund,+trp_tax_favor_company_24,chart_24342,,,,
,,,,,,,,,,,-100,tax,refund,+trp_tax_favor_company_24,chart_24341,,,,
iva_pt_ac_purchase_reduzida_service,4% Services AZ,VAT 4% Services(AZ),VAT 4%,68,4,percent,purchase,tax_group_iva_6,,service,100,base,invoice,,,IVA,,,False
,,,,,,,,,,,100,tax,invoice,+trp_tax_favor_company_24,chart_24323,,,,
,,,,,,,,,,,100,base,refund,,,,,,
,,,,,,,,,,,100,tax,refund,+trp_tax_favor_company_24,chart_24342,,,,
iva_pt_ac_purchase_reduzida_service_ic,4% Services AZ(Intracommunity),VAT 4% Services(AZ)(IC),VAT 4%,68,4,percent,purchase,tax_group_iva_6,,service,100,base,invoice,,,IVA,,,False
,,,,,,,,,,,100,tax,invoice,+trp_tax_favor_company_24,chart_24323,,,,
,,,,,,,,,,,-100,tax,invoice,+trp_tax_favor_company_24,chart_24333,,,,
,,,,,,,,,,,100,base,refund,,,,,,
,,,,,,,,,,,100,tax,refund,+trp_tax_favor_company_24,chart_24342,,,,
,,,,,,,,,,,-100,tax,refund,+trp_tax_favor_company_24,chart_24341,,,,
iva_pt_ac_purchase_reduzida_service_ec,4% Services AZ(Extracommunity),VAT 4% Services(AZ)(EC),VAT 4%,68,4,percent,purchase,tax_group_iva_6,,service,100,base,invoice,,,IVA,,,False
,,,,,,,,,,,100,tax,invoice,+trp_tax_favor_company_24,chart_24323,,,,
,,,,,,,,,,,-100,tax,invoice,+trp_tax_favor_company_24,chart_24333,,,,
,,,,,,,,,,,100,base,refund,,,,,,
,,,,,,,,,,,100,tax,refund,+trp_tax_favor_company_24,chart_24342,,,,
,,,,,,,,,,,-100,tax,refund,+trp_tax_favor_company_24,chart_24341,,,,
iva_pt_ac_purchase_reduzida_fixed_assets,4% Fixed Assets AZ,VAT 4% Fixed Assets(AZ),VAT 4%,69,4,percent,purchase,tax_group_iva_6,,,100,base,invoice,,,IVA,,,False
,,,,,,,,,,,100,tax,invoice,+trp_tax_favor_company_24,chart_24322,,,,
,,,,,,,,,,,100,base,refund,,,,,,
,,,,,,,,,,,100,tax,refund,+trp_tax_favor_company_24,chart_24342,,,,
iva_pt_ac_purchase_reduzida_fixed_assets_ic,4% Fixed Assets AZ(Intracommunity),VAT 4% Fixed Assets(AZ)(IC),VAT 4%,69,4,percent,purchase,tax_group_iva_6,,,100,base,invoice,,,IVA,,,False
,,,,,,,,,,,100,tax,invoice,+trp_tax_favor_company_24,chart_24322,,,,
,,,,,,,,,,,-100,tax,invoice,+trp_tax_favor_company_24,chart_24332,,,,
,,,,,,,,,,,100,base,refund,,,,,,
,,,,,,,,,,,100,tax,refund,+trp_tax_favor_company_24,chart_24342,,,,
,,,,,,,,,,,-100,tax,refund,+trp_tax_favor_company_24,chart_24341,,,,
iva_pt_ac_purchase_reduzida_fixed_assets_ec,4% Fixed Assets AZ(Extracommunity),VAT 4% Fixed Assets(AZ)(EC),VAT 4%,69,4,percent,purchase,tax_group_iva_6,,,100,base,invoice,,,IVA,,,False
,,,,,,,,,,,100,tax,invoice,+trp_tax_favor_company_24,chart_24322,,,,
,,,,,,,,,,,-100,tax,invoice,+trp_tax_favor_company_24,chart_24332,,,,
,,,,,,,,,,,100,base,refund,,,,,,
,,,,,,,,,,,100,tax,refund,+trp_tax_favor_company_24,chart_24342,,,,
,,,,,,,,,,,-100,tax,refund,+trp_tax_favor_company_24,chart_24341,,,,
iva_pt_ac_purchase_eu_normal_bens,16% EU G AZ,16% EU G (AZ),VAT 16%,70,16,percent,purchase,tax_group_iva_16,,consu,100,base,invoice,+trp_base_12,,IVA,,,False
,,,,,,,,,,,100,tax,invoice,+trp_tax_favor_state_13,chart_24321,,,,
,,,,,,,,,,,-100,tax,invoice,-trp_tax_favor_company_22,chart_24331,,,,
,,,,,,,,,,,100,base,refund,-trp_base_12,,,,,
,,,,,,,,,,,100,tax,refund,-trp_tax_favor_state_13,chart_24342,,,,
,,,,,,,,,,,-100,tax,refund,+trp_tax_favor_company_22,chart_24341,,,,
iva_pt_ac_purchase_eu_normal_servicos,16% EU S AZ,16% EU S (AZ),VAT 16%,71,16,percent,purchase,tax_group_iva_16,,service,100,base,invoice,+trp_base_16,,IVA,,,False
,,,,,,,,,,,100,tax,invoice,+trp_tax_favor_state_17,chart_24323,,,,
,,,,,,,,,,,-100,tax,invoice,-trp_tax_favor_company_22,chart_24333,,,,
,,,,,,,,,,,100,base,refund,-trp_base_16,,,,,
,,,,,,,,,,,100,tax,refund,-trp_tax_favor_state_17,chart_24342,,,,
,,,,,,,,,,,-100,tax,refund,-trp_tax_favor_company_22,chart_24341,,,,
iva_pt_ac_purchase_eu_normal_fixed_assets,16% EU FA AZ,16% EU FA (AZ),VAT 16%,72,16,percent,purchase,tax_group_iva_16,,,100,base,invoice,+trp_base_16,,IVA,,,False
,,,,,,,,,,,100,tax,invoice,+trp_tax_favor_state_17,chart_24322,,,,
,,,,,,,,,,,-100,tax,invoice,-trp_tax_favor_company_22,chart_24332,,,,
,,,,,,,,,,,100,base,refund,-trp_base_16,,,,,
,,,,,,,,,,,100,tax,refund,-trp_tax_favor_state_17,chart_24342,,,,
,,,,,,,,,,,-100,tax,refund,-trp_tax_favor_company_22,chart_24341,,,,
iva_pt_ac_purchase_eu_intermedia_bens,9% EU G AZ,9% EU G (AZ),VAT 9%,73,9,percent,purchase,tax_group_iva_9,,consu,100,base,invoice,+trp_base_12,,IVA,,,False
,,,,,,,,,,,100,tax,invoice,+trp_tax_favor_state_13,chart_24321,,,,
,,,,,,,,,,,-100,tax,invoice,-trp_tax_favor_company_23,chart_24331,,,,
,,,,,,,,,,,100,base,refund,-trp_base_12,,,,,
,,,,,,,,,,,100,tax,refund,-trp_tax_favor_state_13,chart_24342,,,,
,,,,,,,,,,,-100,tax,refund,+trp_tax_favor_company_23,chart_24341,,,,
iva_pt_ac_purchase_eu_intermedia_servicos,9% EU S AZ,9% EU S (AZ),VAT 9%,74,9,percent,purchase,tax_group_iva_9,,service,100,base,invoice,+trp_base_16,,IVA,,,False
,,,,,,,,,,,100,tax,invoice,+trp_tax_favor_state_17,chart_24323,,,,
,,,,,,,,,,,-100,tax,invoice,-trp_tax_favor_company_23,chart_24333,,,,
,,,,,,,,,,,100,base,refund,-trp_base_16,,,,,
,,,,,,,,,,,100,tax,refund,-trp_tax_favor_state_17,chart_24342,,,,
,,,,,,,,,,,-100,tax,refund,-trp_tax_favor_company_23,chart_24341,,,,
iva_pt_ac_purchase_eu_intermedia_fixed_assets,9% EU FA AZ,9% EU FA (AZ),VAT 9%,75,9,percent,purchase,tax_group_iva_9,,,100,base,invoice,+trp_base_16,,IVA,,,False
,,,,,,,,,,,100,tax,invoice,+trp_tax_favor_state_17,chart_24322,,,,
,,,,,,,,,,,-100,tax,invoice,-trp_tax_favor_company_23,chart_24332,,,,
,,,,,,,,,,,100,base,refund,-trp_base_16,,,,,
,,,,,,,,,,,100,tax,refund,-trp_tax_favor_state_17,chart_24342,,,,
,,,,,,,,,,,-100,tax,refund,-trp_tax_favor_company_23,chart_24341,,,,
iva_pt_ac_purchase_eu_reduzida_bens,4% EU G AZ,4% EU G (AZ),VAT 4%,76,4,percent,purchase,tax_group_iva_4,,consu,100,base,invoice,+trp_base_12,,IVA,,,False
,,,,,,,,,,,100,tax,invoice,+trp_tax_favor_state_13,chart_24321,,,,
,,,,,,,,,,,-100,tax,invoice,-trp_tax_favor_company_21,chart_24331,,,,
,,,,,,,,,,,100,base,refund,-trp_base_12,,,,,
,,,,,,,,,,,100,tax,refund,-trp_tax_favor_state_13,chart_24342,,,,
,,,,,,,,,,,-100,tax,refund,+trp_tax_favor_company_21,chart_24341,,,,
iva_pt_ac_purchase_eu_reduzida_servicos,4% EU S AZ,4% EU S (AZ),VAT 4%,77,4,percent,purchase,tax_group_iva_4,,service,100,base,invoice,+trp_base_16,,IVA,,,False
,,,,,,,,,,,100,tax,invoice,+trp_tax_favor_state_17,chart_24323,,,,
,,,,,,,,,,,-100,tax,invoice,-trp_tax_favor_company_21,chart_24333,,,,
,,,,,,,,,,,100,base,refund,-trp_base_16,,,,,
,,,,,,,,,,,100,tax,refund,-trp_tax_favor_state_17,chart_24342,,,,
,,,,,,,,,,,-100,tax,refund,-trp_tax_favor_company_21,chart_24341,,,,
iva_pt_ac_purchase_eu_reduzida_fixed_assets,4% EU FA AZ,4% EU FA (AZ),VAT 4%,78,4,percent,purchase,tax_group_iva_4,,,100,base,invoice,+trp_base_16,,IVA,,,False
,,,,,,,,,,,100,tax,invoice,+trp_tax_favor_state_17,chart_24322,,,,
,,,,,,,,,,,-100,tax,invoice,-trp_tax_favor_company_21,chart_24332,,,,
,,,,,,,,,,,100,base,refund,-trp_base_16,,,,,
,,,,,,,,,,,100,tax,refund,-trp_tax_favor_state_17,chart_24342,,,,
,,,,,,,,,,,-100,tax,refund,-trp_tax_favor_company_21,chart_24341,,,,
ret_pt_purchase_exempt_income_a_0,Withholding 0% - Exempt Income (A),Withholding 0% - Exempt Income (A),RET0A,79,0,percent,purchase,tax_group_ret_0,,,100,base,invoice,,,NS,IRS,,False
,,,,,,,,,,,100,tax,invoice,,,,,,
,,,,,,,,,,,100,base,refund,,,,,,
,,,,,,,,,,,100,tax,refund,,,,,,
ret_pt_purchase_exempt_income_b_0,Withholding 0% - Exempt Income (B),Withholding 0% - Exempt Income (B),RET0B,80,0,percent,purchase,tax_group_ret_0,,,100,base,invoice,,,NS,IRS,,False
,,,,,,,,,,,100,tax,invoice,,,,,,
,,,,,,,,,,,100,base,refund,,,,,,
,,,,,,,,,,,100,tax,refund,,,,,,
ret_pt_purchase_exempt_income_e_0,Withholding 0% - Exempt Income (E),Withholding 0% - Exempt Income (E),RET0E,81,0,percent,purchase,tax_group_ret_0,,,100,base,invoice,,,NS,IRS,,False
,,,,,,,,,,,100,tax,invoice,,,,,,
,,,,,,,,,,,100,base,refund,,,,,,
,,,,,,,,,,,100,tax,refund,,,,,,
ret_pt_purchase_exempt_income_f_0,Withholding 0% - Exempt Income (F),Withholding 0% - Exempt Income (F),RET0F,82,0,percent,purchase,tax_group_ret_0,,,100,base,invoice,,,NS,IRS,,False
,,,,,,,,,,,100,tax,invoice,,,,,,
,,,,,,,,,,,100,base,refund,,,,,,
,,,,,,,,,,,100,tax,refund,,,,,,
ret_pt_purchase_exempt_income_g_0,Withholding 0% - Exempt Income (G),Withholding 0% - Exempt Income (G),RET0G,83,0,percent,purchase,tax_group_ret_0,,,100,base,invoice,,,NS,IRS,,False
,,,,,,,,,,,100,tax,invoice,,,,,,
,,,,,,,,,,,100,base,refund,,,,,,
,,,,,,,,,,,100,tax,refund,,,,,,
ret_pt_purchase_exempt_income_h_0,Withholding 0% - Exempt Income (H),Withholding 0% - Exempt Income (H),RET0H,84,0,percent,purchase,tax_group_ret_0,,,100,base,invoice,,,NS,IRS,,False
,,,,,,,,,,,100,tax,invoice,,,,,,
,,,,,,,,,,,100,base,refund,,,,,,
,,,,,,,,,,,100,tax,refund,,,,,,
ret_pt_purchase_professional_incomes_11_5,Withholding 11.5% - Professional Incomes,Withholding 11.5% - Professional Incomes,RET11.5,85,-11.5,percent,purchase,tax_group_ret_11_5,,,100,base,invoice,-mod10[t04][02]||-mod10[t05][03],,NS,IRS,,False
,,,,,,,,,,,100,tax,invoice,-mod10[t05][06],chart_2422,,,,
,,,,,,,,,,,100,base,refund,+mod10[t04][02]||+mod10[t05][03],,,,,
,,,,,,,,,,,100,tax,refund,+mod10[t05][06],chart_2422,,,,
ret_pt_purchase_intelectual_property_16_5,Withholding 16.5% - Income from Intellectual Property,Withholding 16.5% - Income from Intellectual Property,RET16.5,86,-16.5,percent,purchase,tax_group_ret_16_5,,,100,base,invoice,-mod10[t04][02]||-mod10[t05][03],,NS,IRS,,False
,,,,,,,,,,,100,tax,invoice,-mod10[t05][06],chart_2422,,,,
,,,,,,,,,,,100,base,refund,+mod10[t04][02]||+mod10[t05][03],,,,,
,,,,,,,,,,,100,tax,refund,+mod10[t05][06],chart_2422,,,,
ret_pt_purchase_high_value_added_dependent_20,Withholding 20% - High Value-Added Activities (Dependent),Withholding 20% - High Value-Added Activities (Dependent),RET20,87,-20,percent,purchase,tax_group_ret_20,,,100,base,invoice,-mod10[t04][01]||-mod10[t05][03],,NS,IRS,,False
,,,,,,,,,,,100,tax,invoice,,chart_2413,,,,
,,,,,,,,,,,100,base,refund,+mod10[t04][01]||+mod10[t05][03],,,,,
,,,,,,,,,,,100,tax,refund,,chart_2422,,,,
ret_pt_purchase_high_value_added_professional_20,Withholding 20% High Value-Added Activities (Professional),Withholding 20% High Value-Added Activities (Professional),RET20,88,-20,percent,purchase,tax_group_ret_20,,,100,base,invoice,-mod10[t04][02]||-mod10[t05][03],,NS,IRS,,False
,,,,,,,,,,,100,tax,invoice,-mod10[t05][06],chart_2422,,,,
,,,,,,,,,,,100,base,refund,+mod10[t04][02]||+mod10[t05][03],,,,,
,,,,,,,,,,,100,tax,refund,+mod10[t05][06],chart_2422,,,,
ret_pt_purchase_professional_income_20,Withholding 20% - Professional Income,Withholding 20% - Professional Income,RET20,89,-20,percent,purchase,tax_group_ret_20,,,100,base,invoice,-mod10[t04][02]||-mod10[t05][03],,NS,IRS,,False
,,,,,,,,,,,100,tax,invoice,-mod10[t05][06],chart_2422,,,,
,,,,,,,,,,,100,base,refund,+mod10[t04][02]||+mod10[t05][03],,,,,
,,,,,,,,,,,100,tax,refund,+mod10[t05][06],chart_2422,,,,
ret_pt_ac_purchase_real_estate_20,Withholding 20% - Real Estate (Azores),Withholding 20% - Real Estate (Azores),RET20,90,-20,percent,purchase,tax_group_ret_20,,,100,base,invoice,-mod10[t04][02]||-mod10[t05][03],,NS,IRS,,False
,,,,,,,,,,,100,tax,invoice,-mod10[t05][06],chart_24241,,,,
,,,,,,,,,,,100,base,refund,+mod10[t04][02]||+mod10[t05][03],,,,,
,,,,,,,,,,,100,tax,refund,+mod10[t05][06],chart_24241,,,,
ret_pt_purchase_dependent_25,Withholding 25% - Dependent,Withholding 25% - Dependent,RET25,91,-25,percent,purchase,tax_group_ret_25,,,100,base,invoice,-mod10[t04][01]||-mod10[t05][03],,NS,IRS,,False
,,,,,,,,,,,100,tax,invoice,-mod10[t05][06],chart_24211,,,,
,,,,,,,,,,,100,base,refund,+mod10[t04][01]||+mod10[t05][03],,,,,
,,,,,,,,,,,100,tax,refund,+mod10[t05][06],chart_24211,,,,
ret_pt_purchase_professional_income_25,Withholding 25% - Professional Income,Withholding 25% - Professional Income,RET25,92,-25,percent,purchase,tax_group_ret_25,,,100,base,invoice,-mod10[t04][02]||-mod10[t05][03],,NS,IRS,,False
,,,,,,,,,,,100,tax,invoice,-mod10[t05][06],chart_2422,,,,
,,,,,,,,,,,100,base,refund,+mod10[t04][02]||+mod10[t05][03],,,,,
,,,,,,,,,,,100,tax,refund,+mod10[t05][06],chart_2422,,,,
ret_pt_purchase_capital_gains_25,Withholding 25% - Capital Gains,Withholding 25% - Capital Gains,RET25,93,-25,percent,purchase,tax_group_ret_25,,,100,base,invoice,-mod10[t04][06]||-mod10[t05][03],,NS,IRS,,False
,,,,,,,,,,,100,tax,invoice,-mod10[t05][06],chart_2425,,,,
,,,,,,,,,,,100,base,refund,+mod10[t04][06]||+mod10[t05][03],,,,,
,,,,,,,,,,,100,tax,refund,+mod10[t05][06],chart_2425,,,,
ret_pt_purchase_pensions_25,Withholding 25% - Pensions,Withholding 25% - Pensions,RET25,94,-25,percent,purchase,tax_group_ret_25,,,100,base,invoice,-mod10[t04][07]||-mod10[t05][03],,NS,IRS,,False
,,,,,,,,,,,100,tax,invoice,-mod10[t05][06],chart_2425,,,,
,,,,,,,,,,,100,base,refund,+mod10[t04][07]||+mod10[t05][03],,,,,
,,,,,,,,,,,100,tax,refund,+mod10[t05][06],chart_2425,,,,
ret_pt_purchase_real_estate_25,Withholding 25% - Real Estate,Withholding 25% - Real Estate,RET25,95,-25,percent,purchase,tax_group_ret_25,,,100,base,invoice,-mod10[t04][05]||-mod10[t05][03],,NS,IRS,,False
,,,,,,,,,,,100,tax,invoice,-mod10[t05][06],chart_24241,,,,
,,,,,,,,,,,100,base,refund,+mod10[t04][05]||+mod10[t05][03],,,,,
,,,,,,,,,,,100,tax,refund,+mod10[t05][06],chart_24241,,,,
ret_pt_purchase_capital_28,WH28% C,Withholding 28% Capital,Withholding 28%,97,-28,percent,purchase,tax_group_ret_28,,service,100,base,invoice,+mod10[t04][06]||+mod10[t05][03],,NS,IRS,, False
,,,,,,,,,,,100,tax,invoice,-mod10[t05][06],chart_24231,,,,
,,,,,,,,,,,100,base,refund,-mod10[t04][06]||-mod10[t05][03],,,,,
,,,,,,,,,,,100,tax,refund,+mod10[t05][06],chart_24231,,,,
ret_pt_purchase_dependent_35,WH35% DEP,Withholding 35% Dependent,Withholding 35%,98,-25,percent,purchase,tax_group_ret_35,,service,100,base,invoice,+mod10[t04][01]||+mod10[t05][03],,NS,IRS,, False
,,,,,,,,,,,100,tax,invoice,-mod10[t05][06],chart_24211,,,,
,,,,,,,,,,,100,base,refund,-mod10[t04][01]||-mod10[t05][03],,,,,
,,,,,,,,,,,100,tax,refund,+mod10[t05][06],chart_24211,,,,
ret_pt_purchase_professional_income_35,WH35% PI,Withholding 35% Professional Income,Withholding 35%,99,-35,percent,purchase,tax_group_ret_35,,service,100,base,invoice,+mod10[t04][02]||+mod10[t05][03],,NS,IRS,,False
,,,,,,,,,,,100,tax,invoice,-mod10[t05][06],chart_2422,,,,
,,,,,,,,,,,100,base,refund,-mod10[t04][02]||-mod10[t05][03],,,,,
,,,,,,,,,,,100,tax,refund,+mod10[t05][06],chart_2422,,,,
ret_pt_purchase_capital_35,WH35% C,Withholding 35% Capital,Withholding 35%,100,-35,percent,purchase,tax_group_ret_35,,service,100,base,invoice,+mod10[t04][06]||+mod10[t05][03],,NS,IRS,,False
,,,,,,,,,,,100,tax,invoice,-mod10[t05][06],chart_24231,,,,
,,,,,,,,,,,100,base,refund,-mod10[t04][06]||-mod10[t05][03],,,,,
,,,,,,,,,,,100,tax,refund,+mod10[t05][06],chart_24231,,,,
ret_pt_purchase_capital_gains_35,WH35% CG,Withholding 35% Capital Gains,Withholding 35%,101,-35,percent,purchase,tax_group_ret_25,,service,100,base,invoice,+mod10[t04][06]||+mod10[t05][03],,NS,IRS,,False
,,,,,,,,,,,100,tax,invoice,-mod10[t05][06],chart_2425,,,,
,,,,,,,,,,,100,base,refund,-mod10[t04][06]||-mod10[t05][03],,,,,
,,,,,,,,,,,100,tax,refund,+mod10[t05][06],chart_2425,,,,
ret_pt_purchase_pensions_35,WH35% P,Withholding 35% Pensions,Withholding 35%,102,-35,percent,purchase,tax_group_ret_35,,service,100,base,invoice,+mod10[t04][07]||+mod10[t05][03],,NS,IRS,,False
,,,,,,,,,,,100,tax,invoice,-mod10[t05][06],chart_2426,,,,
,,,,,,,,,,,100,base,refund,-mod10[t04][07]||-mod10[t05][03],,,,,
,,,,,,,,,,,100,tax,refund,+mod10[t05][06],chart_2426,,,,
