id,code_prefix_start,name,name@pt
chart_group_1,1,Liquid financial means,Meios financeiros líquidos
chart_group_11,11,Cash,Caixa
chart_group_12,12,Demand Deposits,Depósitos à Ordem
chart_group_12b,12,Other Bank Deposits,Outros Depósitos Bancários
chart_group_13,13,Outros Depósitos Bancários,Outros Depósitos Bancários
chart_group_14,14,Potencialmente favoráveis,Potencialmente favoráveis
chart_group_141,141,Byproducts,Subprodutos
chart_group_142,142,Financial instruments held for negotiation,Instrumentos financeiros detidos para negociação
chart_group_143,143,Other assets and financial liabilities,Outros ativos e passivos financeiros
chart_group_2,2,Accounts receivable and payable,Contas a receber e a pagar
chart_group_21,21,Customers,Clientes
chart_group_211,211,Customers c/c,Clientes c/c
chart_group_2111,2111,Customers c/c - General Customers,Clientes c/c - Clientes Gerais
chart_group_2112,2112,Customers c/c - Mother Company,Clientes c/c - Empresa Mãe
chart_group_2113,2113,Customers c/c - Subsidiary Companies,Clientes c/c - Empresas Subsidiárias
chart_group_2114,2114,Customers c/c - Associated Companies,Clientes c/c - Empresas Associadas
chart_group_2115,2115,Customers c/c - Joint enterprises,Clientes c/c - Empreendimento Conjunto
chart_group_2116,2116,Customers c/c - Other Related Parties,Clientes c/c - Outras Partes Relacionadas
chart_group_2117,2117,Customers c/c - POS,Clientes c/c - POS
chart_group_212,212,Customers - Titles Receivable,Clientes - títulos a receber
chart_group_2121,2121,Customers TR - General Customers - Titles Receivable,Clientes - Clientes Gerais - Títulos a Receber
chart_group_2122,2122,Customers TR - Mother Company - Titles Receivable,Clientes - Empresa Mãe - Títulos a Receber
chart_group_2123,2123,Customers TR - Subsidiary Companies - Titles Receivable,Clientes - Empresas Subsidiárias - Títulos a Receber
chart_group_2124,2124,Customers TR - Associated Companies - Titles Receivable,Clientes - Empresas Associadas - Títulos a Receber
chart_group_2125,2125,Customers TR - Joint enterprises - Titles Receivable,Clientes - Empreendimento Conjunto - Títulos a Receber
chart_group_2126,2126,Customers TR - Other Related Parties - Titles Receivable,Clientes - Outras Partes Relacionadas - Títulos a Receber
chart_group_218,218,Customers - Advances,Clientes - Adiantamentos
chart_group_219,219,Accumulated impairment losses,Perdas por imparidade acumuladas
chart_group_2191,2191,Customers c/c,Clientes c/c
chart_group_21911,21911,Customers c/c - General Customers,Clientes c/c - Clientes Gerais
chart_group_21912,21912,Customers c/c - Mother Company,Clientes c/c - Empresa Mãe
chart_group_21913,21913,Customers c/c - Subsidiary Companies,Clientes c/c - Empresas Subsidiárias
chart_group_21914,21914,Customers c/c - Associated Companies,Clientes c/c - Empresas Associadas
chart_group_21915,21915,Customers c/c - Joint enterprises,Clientes c/c - Empreendimento Conjunto
chart_group_21916,21916,Customers c/c - Other Related Parties,Clientes c/c - Outras Partes Relacionadas
chart_group_2192,2192,Customers - Titles Receivable,Clientes - títulos a receber
chart_group_21921,21921,Customers - General Customers - Titles Receivable,Clientes - Clientes Gerais - títulos a receber
chart_group_21922,21922,Customers - Mother Company - Titles Receivable,Clientes - Empresa Mãe - títulos a receber
chart_group_21923,21923,Customers - Subsidiary Companies - Titles Receivable,Clientes - Empresas Subsidiárias - títulos a receber
chart_group_21924,21924,Customers - Associated Companies - Titles Receivable,Clientes - Empresas Associadas - títulos a receber
chart_group_21925,21925,Customers - Joint enterprises - Titles Receivable,Clientes - Empreendimento Conjunto - títulos a receber
chart_group_21926,21926,Customers - Other Related Parties - Titles Receivable,Clientes - Outras Partes Relacionadas - títulos a receber
chart_group_2193,2193,Accumulated impairment losses - Other Customers,Perdas por imparidade acumuladas - Outros Clientes
chart_group_22,22,Suppliers,Fornecedores
chart_group_221,221,Suppliers c/c,Fornecedores c/c
chart_group_2211,2211,Suppliers c/c - General Suppliers,Fornecedores c/c - Fornecedores Gerais
chart_group_2212,2212,Suppliers c/c - Mother Company,Fornecedores c/c - Empresa Mãe
chart_group_2213,2213,Suppliers c/c - Subsidiary Companies,Fornecedores c/c - Empresas Subsidiárias
chart_group_2214,2214,Suppliers c/c - Associated Companies,Fornecedores c/c - Empresas Associadas
chart_group_2215,2215,Suppliers c/c - Joint enterprises,Fornecedores c/c - Empreendimento Conjunto
chart_group_2216,2216,Suppliers c/c - Other Related Parties,Fornecedores c/c - Outras Partes Relacionadas
chart_group_222,222,Suppliers - Titles payable,Fornecedores - títulos a pagar
chart_group_2221,2221,Suppliers - General Suppliers - Titles payable,Fornecedores - Fornecedores Gerais - títulos a pagar
chart_group_2222,2222,Suppliers - Mother Company - Titles payable,Fornecedores - Empresa Mãe - títulos a pagar
chart_group_2223,2223,Suppliers - Subsidiary Companies - Titles payable,Fornecedores - Empresas Subsidiárias - títulos a pagar
chart_group_2224,2224,Suppliers - Associated Companies - Titles payable,Fornecedores - Empresas Associadas - títulos a pagar
chart_group_2225,2225,Suppliers - Joint enterprises - Titles payable,Fornecedores - Empreendimento Conjunto - títulos a pagar
chart_group_2226,2226,Suppliers - Other Related Parties - Titles payable,Fornecedores - Outras Partes Relacionadas - títulos a pagar
chart_group_225,225,Suppliers - Invoices Received and Checked,Fornecedores - Faturas em Receção e Conferência
chart_group_228,228,Suppliers - Advances,Fornecedores - Adiantamentos
chart_group_229,229,Suppliers - Accumulated impairment losses,Fornecedores - PIA
chart_group_2291,2291,Suppliers - Accumulated impairment losses - General Suppliers,Fornecedores - PIA - Fornecedores Gerais
chart_group_2292,2292,Suppliers - Accumulated impairment losses - Mother Company,Fornecedores - PIA - Empresa Mãe
chart_group_2293,2293,Suppliers - Accumulated impairment losses - Subsidiary Companies,Fornecedores - PIA - Empresas Subsidiárias
chart_group_2294,2294,Suppliers - Accumulated impairment losses - Associated Companies,Fornecedores - PIA - Empresas Associadas
chart_group_2295,2295,Suppliers - Accumulated impairment losses - Joint enterprises,Fornecedores - PIA - Empreendimento Conjunto
chart_group_2296,2296,Suppliers - Accumulated impairment losses - Other Related Parties,Fornecedores - PIA - Outras Partes Relacionadas
chart_group_23,23,Staff,Ao pessoal
chart_group_231,231,Remunerations to be paid,Remunerações a pagar
chart_group_232,232,Advance,Adiantamentos
chart_group_2331,2331,With the corporate bodies,Com os órgãos sociais
chart_group_2332,2332,With the staff,Com o pessoal
chart_group_2341,2341,With the corporate bodies,Com os órgãos sociais
chart_group_2342,2342,With the staff,Com o pessoal
chart_group_2351,2351,With the corporate bodies,Com os órgãos sociais
chart_group_2352,2352,With the staff,Com o pessoal
chart_group_2361,2361,With the corporate bodies,Com os órgãos sociais
chart_group_2362,2362,With the staff,Com o pessoal
chart_group_237,237,Guarantees,Cauções
chart_group_2371,2371,Of corporate bodies,Dos órgãos sociais
chart_group_2372,2372,Of staff,Do pessoal
chart_group_238,238,Other operations,Outras operações
chart_group_2381,2381,With the corporate bodies,Com os órgãos sociais
chart_group_2382,2382,With the staff,Com o pessoal
chart_group_239,239,Accumulated impairment losses,Perdas por imparidade acumuladas
chart_group_2391,2391,Advance,Adiantamentos
chart_group_23911,23911,PIA Aceites Fiscalmente,PIA Aceites Fiscalmente
chart_group_23912,23912,PIA Aceites Fiscalmente,PIA Aceites Fiscalmente
chart_group_239121,239121,PIA Aceites Fiscalmente,PIA Aceites Fiscalmente
chart_group_239122,239122,PIA Aceites Fiscalmente,PIA Aceites Fiscalmente
chart_group_2392,2392,Other operations,Outras operações
chart_group_23921,23921,To corporate bodies,Aos órgãos sociais
chart_group_23922,23922,To staff,Ao pessoal
chart_group_239221,239221,PIA não Aceites Fiscalmente,PIA não Aceites Fiscalmente
chart_group_239222,239222,PIA não Aceites Fiscalmente,PIA não Aceites Fiscalmente
chart_group_24,24,State and other public entities,Estado e outros entes públicos
chart_group_241,241,Pagamentos por conta,Pagamentos por conta
chart_group_242,242,Trabalho Dependente,Trabalho Dependente
chart_group_2421,2421,Trabalho Dependente,Trabalho Dependente
chart_group_2423,2423,Capitais,Capitais
chart_group_2424,2424,Prediais,Prediais
chart_group_243,243,Value added tax (VAT),Imposto sobre o valor acrescentado (IVA)
chart_group_2431,2431,IVA Suportado,IVA Suportado
chart_group_2432,2432,IVA Dedutível,IVA Dedutível
chart_group_2433,2433,IVA Liquidado,IVA Liquidado
chart_group_2434,2434,IVA Regularizações,IVA Regularizações
chart_group_245,245,Contribuições para a Segurança Social,Contribuições para a Segurança Social
chart_group_247,247,Fundo Compensação (FCT),Fundo Compensação (FCT)
chart_group_25,25,Financing obtained,Financiamentos obtidos
chart_group_251,251,Credit institutions and financial companies,Instituições de crédito e sociedades financeiras
chart_group_2511,2511,Bank loans,Empréstimos bancários
chart_group_2512,2512,Descobertos bancários,Descobertos bancários
chart_group_2513,2513,Locações financeiras,Locações financeiras
chart_group_252,252,Securities market,Mercado de valores mobiliários
chart_group_2521,2521,Loans by obligations,Empréstimos por obrigações
chart_group_253,253,Capital participants,Participantes de capital
chart_group_2531,2531,Mother company - Supplies and other mutual,Empresa-mãe - Suprimentos e outros mútuos
chart_group_2532,2532,Other participants - Supplies and other mutual,Outros participantes - Suprimentos e outros mútuos
chart_group_254,254,"Subsidiaries, associates and joint enterprises","Subsidiárias, associadas e empreendimentos conjuntos"
chart_group_258,258,Other funders,Outros financiadores
chart_group_26,26,Shareholders/partners,Acionistas/sócios
chart_group_262,262,Quotas não liberadas,Quotas não liberadas
chart_group_266,266,Loans granted - Mother company,Empréstimos concedidos - empresa-mãe
chart_group_268,268,Other operations,Outras operações
chart_group_269,269,Accumulated impairment losses,Perdas por imparidade acumuladas
chart_group_2691,2691,PIA - Aceite Fiscalmente - Empréstimos Concedidos,PIA - Aceite Fiscalmente - Empréstimos Concedidos
chart_group_26916,26916,PIA - Aceite Fiscalmente - Empréstimos Concedidos,PIA - Aceite Fiscalmente - Empréstimos Concedidos
chart_group_26917,26917,PIA - Aceite Fiscalmente,PIA - Aceite Fiscalmente
chart_group_2692,2692,PIA - Não Aceite Fiscalmente - Empréstimos Concedidos,PIA - Não Aceite Fiscalmente - Empréstimos Concedidos
chart_group_26926,26926,PIA - Não Aceite Fiscalmente - Empréstimos Concedidos,PIA - Não Aceite Fiscalmente - Empréstimos Concedidos
chart_group_26927,26927,PIA - Não Aceite Fiscalmente,PIA - Não Aceite Fiscalmente
chart_group_2696,2696,Loans granted - Mother company,Empréstimos concedidos - empresa-mãe
chart_group_2697,2697,Other operations,Outras operações
chart_group_27,27,Other receivable and payable accounts,Outras contas a receber e a pagar
chart_group_271,271,Investment suppliers,Fornecedores de investimentos
chart_group_2711,2711,Investment suppliers - General accounts,Fornecedores de investimentos - contas gerais
chart_group_2712,2712,Invoices received and checked,Faturas em receção e conferência
chart_group_2713,2713,Advances to investment suppliers,Adiantamentos a fornecedores de investimentos
chart_group_272,272,Debtors and creditors by additions (economic periodization),Devedores e credores por acréscimos (periodização económica)
chart_group_274,274,Deferred taxes,Ativos por impostos diferidos
chart_group_275,275,Creditors for unreleased subscriptions,Credores por subscrições não liberadas
chart_group_278,278,Other debtors and creditors,Outros devedores e credores
chart_group_279,279,Accumulated impairment losses,Perdas por imparidade acumuladas
chart_group_2791,2791,Advances to investment suppliers,Adiantamentos a fornecedores de investimentos
chart_group_27911,27911,PIA - Aceite Fiscalmente,PIA - Aceite Fiscalmente
chart_group_27914,27914,PIA - Aceite Fiscalmente,PIA - Aceite Fiscalmente
chart_group_2792,2792,PIA - Não Aceite Fiscalmente,PIA - Não Aceite Fiscalmente
chart_group_27921,27921,PIA - Não Aceite Fiscalmente,PIA - Não Aceite Fiscalmente
chart_group_27924,27924,PIA - Não Aceite Fiscalmente,PIA - Não Aceite Fiscalmente
chart_group_2794,2794,Other debtors and creditors,Outros devedores e credores
chart_group_28,28,Deferments,Diferimentos
chart_group_29,29,Provisions,Provisões
chart_group_3,3,Inventories and biological assets,Inventários e ativos biológicos
chart_group_31,31,Purchases,Compras
chart_group_311,311,Purchases,Compras
chart_group_312,312,Purchases,Compras
chart_group_313,313,Purchases,Compras
chart_group_317,317,Purchase returns,Devoluções de compras
chart_group_3171,3171,Devoluções de Compras,Devoluções de Compras
chart_group_3172,3172,Devoluções de Compras,Devoluções de Compras
chart_group_3173,3173,Devoluções de Compras,Devoluções de Compras
chart_group_318,318,Discounts and rebates on purchases,Descontos e abatimentos em compras
chart_group_3181,3181,Descontos e Abatimentos em Compras,Descontos e Abatimentos em Compras
chart_group_3182,3182,Descontos e Abatimentos em Compras,Descontos e Abatimentos em Compras
chart_group_3183,3183,Descontos e Abatimentos em Compras,Descontos e Abatimentos em Compras
chart_group_32,32,PIA,PIA
chart_group_3219,3219,PIA,PIA
chart_group_32191,32191,PIA,PIA
chart_group_32192,32192,PIA,PIA
chart_group_325,325,Mercadorias em trânsito,Mercadorias em trânsito
chart_group_326,326,Mercadorias em poder de terceiros,Mercadorias em poder de terceiros
chart_group_329,329,Accumulated impairment losses,Perdas por imparidade acumuladas
chart_group_3291,3291,PIA,PIA
chart_group_3292,3292,PIA,PIA
chart_group_33,33,"Raw materials, subsidiaries and consumption","Matérias-primas, subsidiárias e de consumo"
chart_group_339,339,Accumulated impairment losses,Perdas por imparidade acumuladas
chart_group_3391,3391,PIA,PIA
chart_group_3392,3392,PIA,PIA
chart_group_34,34,Finished and intermediate products,Produtos acabados e intermédios
chart_group_349,349,Accumulated impairment losses,Perdas por imparidade acumuladas
chart_group_3491,3491,PIA,PIA
chart_group_3492,3492,PIA,PIA
chart_group_35,35,"Byproducts, waste, residues and refuses","Subprodutos, desperdícios, resíduos e refugos"
chart_group_359,359,Accumulated impairment losses,Perdas por imparidade acumuladas
chart_group_3591,3591,PIA,PIA
chart_group_3592,3592,PIA,PIA
chart_group_36,36,Products and work in progress,Produtos e trabalhos em curso
chart_group_37,37,Biological assets,Ativos biológicos
chart_group_371,371,Consumables,Consumíveis
chart_group_372,372,Of production,De produção
chart_group_378,378,Accumulated depreciation,Depreciações acumuladas
chart_group_379,379,Accumulated impairment losses,Perdas por imparidade acumuladas
chart_group_38,38,Mercadorias,Mercadorias
chart_group_39,39,Down payments on account of purchases,Adiantamentos por conta de compras
chart_group_396,396,Adiantamentos por Conta de Compras,Adiantamentos por Conta de Compras
chart_group_4,4,Investment,Investimentos
chart_group_41,41,Financial investments,Investimentos Financeiros
chart_group_411,411,Investments in subsidiaries,Investimentos em subsidiárias
chart_group_4111,4111,Capital participations - Equivalence method,Participações de capital - método da equivalência patrimonial
chart_group_412,412,Investments in associates,Investimentos em associadas
chart_group_4121,4121,Capital participations - Equivalence method,Participações de capital - método da equivalência patrimonial
chart_group_413,413,Investments in jointly controlled entities,Investimentos em entidades conjuntamente controladas
chart_group_4131,4131,Participação de capital,Participação de capital
chart_group_414,414,Investments in other companies,Investimentos noutras empresas
chart_group_4142,4142,Investimentos Noutras Empresas,Investimentos Noutras Empresas
chart_group_415,415,Other financial investments,Outros investimentos financeiros
chart_group_418,418,Accumulated amortization,Amortizações acumuladas
chart_group_4181,4181,Capital participations - Equivalence method,Participações de capital - método da equivalência patrimonial
chart_group_41813,41813,Investments in jointly controlled entities,Investimentos em entidades conjuntamente controladas
chart_group_4182,4182,Amortizações Acumuladas,Amortizações Acumuladas
chart_group_4183,4183,Amortizações Acumuladas,Amortizações Acumuladas
chart_group_419,419,Accumulated impairment losses,Perdas por imparidade acumuladas
chart_group_4191,4191,Investments in subsidiaries,Investimentos em subsidiárias
chart_group_41911,41911,Capital participations - Equivalence method,Participações de capital - método da equivalência patrimonial
chart_group_41912,41912,PIA - Aceites Fiscalmente - Investimentos em Associadas,PIA - Aceites Fiscalmente - Investimentos em Associadas
chart_group_41913,41913,PIA - Aceites Fiscalmente - Investimentos em Entidades Conjuntamente Controladas,PIA - Aceites Fiscalmente - Investimentos em Entidades Conjuntamente Controladas
chart_group_41914,41914,PIA - Aceites Fiscalmente,PIA - Aceites Fiscalmente
chart_group_41915,41915,PIA - Aceites Fiscalmente,PIA - Aceites Fiscalmente
chart_group_4192,4192,Investments in associates,Investimentos em associadas
chart_group_41921,41921,Capital participations - Equivalence method,Participações de capital - método da equivalência patrimonial
chart_group_41922,41922,PIA - Não Aceites Fiscalmente - Investimentos em Associadas,PIA - Não Aceites Fiscalmente - Investimentos em Associadas
chart_group_41923,41923,PIA - Não Aceites Fiscalmente - Investimentos em Entidades Conjuntamente Controladas,PIA - Não Aceites Fiscalmente - Investimentos em Entidades Conjuntamente Controladas
chart_group_41924,41924,PIA - Não Aceites Fiscalmente,PIA - Não Aceites Fiscalmente
chart_group_41925,41925,PIA - Não Aceites Fiscalmente,PIA - Não Aceites Fiscalmente
chart_group_4193,4193,Investments in jointly controlled entities,Investimentos em entidades conjuntamente controladas
chart_group_41931,41931,Capital participations - Equivalence method,Participações de capital - método da equivalência patrimonial
chart_group_4194,4194,Investments in other companies,Investimentos noutras empresas
chart_group_4195,4195,Other financial investments,Outros investimentos financeiros
chart_group_42,42,Investment properties,Propriedades de investimento
chart_group_421,421,Propriedades de Investimento,Propriedades de Investimento
chart_group_422,422,Propriedades de Investimento,Propriedades de Investimento
chart_group_426,426,Propriedades de Investimento,Propriedades de Investimento
chart_group_428,428,Accumulated depreciation,Depreciações acumuladas
chart_group_429,429,Accumulated impairment losses,Perdas por imparidade acumuladas
chart_group_4291,4291,PIA - Propriedades de Investimento,PIA - Propriedades de Investimento
chart_group_4292,4292,PIA - Propriedades de Investimento,PIA - Propriedades de Investimento
chart_group_43,43,Tangible fixed assets,Ativos fixos tangíveis
chart_group_431,431,Ativos Fixos Tangíveis,Ativos Fixos Tangíveis
chart_group_432,432,Ativos Fixos Tangíveis,Ativos Fixos Tangíveis
chart_group_433,433,Ativos Fixos Tangíveis,Ativos Fixos Tangíveis
chart_group_434,434,Ativos Fixos Tangíveis,Ativos Fixos Tangíveis
chart_group_435,435,Ativos Fixos Tangíveis,Ativos Fixos Tangíveis
chart_group_436,436,Ativos Fixos Tangíveis,Ativos Fixos Tangíveis
chart_group_437,437,Ativos Fixos Tangíveis,Ativos Fixos Tangíveis
chart_group_438,438,Accumulated depreciation,Depreciações acumuladas
chart_group_439,439,Accumulated impairment losses,Perdas por imparidade acumuladas
chart_group_4391,4391,Ativos Fixos Tangíveis - PIA,Ativos Fixos Tangíveis - PIA
chart_group_4392,4392,Ativos Fixos Tangíveis - PIA,Ativos Fixos Tangíveis - PIA
chart_group_44,44,Intangible assets,Ativos intangíveis
chart_group_441,441,Ativos Intangíveis,Ativos Intangíveis
chart_group_442,442,Ativos Intangíveis,Ativos Intangíveis
chart_group_443,443,Ativos Intangíveis,Ativos Intangíveis
chart_group_444,444,Ativos Intangíveis,Ativos Intangíveis
chart_group_446,446,Ativos Intangíveis,Ativos Intangíveis
chart_group_448,448,Accumulated amortization,Amortizações acumuladas
chart_group_449,449,Accumulated impairment losses,Perdas por imparidade acumuladas
chart_group_4491,4491,Ativos Intangíveis - PIA,Ativos Intangíveis - PIA
chart_group_4492,4492,Ativos Intangíveis - PIA,Ativos Intangíveis - PIA
chart_group_45,45,Ongoing investments,Investimentos em curso
chart_group_455,455,Advances on account of investments,Adiantamentos por conta de investimentos
chart_group_459,459,Accumulated impairment losses,Perdas por imparidade acumuladas
chart_group_4591,4591,PIA,PIA
chart_group_4592,4592,PIA,PIA
chart_group_4595,4595,Advances on account of investments,Adiantamentos por conta de investimentos
chart_group_46,46,Non-current assets held for sale,Ativos não correntes detidos para venda
chart_group_469,469,Accumulated impairment losses,Perdas por imparidade acumuladas
chart_group_4691,4691,ANCDV - PIA,ANCDV - PIA
chart_group_4692,4692,ANCDV - PIA,ANCDV - PIA
chart_group_5,5,"Capital, reserves and retained earnings","Capital, Reservas e Resultados Transitados"
chart_group_51,51,Capital Social,Capital Social
chart_group_52,52,Own shares,Ações (quotas) próprias
chart_group_55,55,Reserves,Reservas
chart_group_56,56,Resultados Transitados,Resultados Transitados
chart_group_57,57,Adjustments in financial assets,Ajustamentos em ativos financeiros
chart_group_571,571,Related to the equivalence method,Relacionados com o método da equivalência patrimonial
chart_group_58,58,Antes de imposto sobre o rendimento,Antes de imposto sobre o rendimento
chart_group_581,581,Reevaluations resulting from legal diplomas,Reavaliações decorrentes de diplomas legais
chart_group_589,589,Other surplus,Outros excedentes
chart_group_59,59,Other variations in equity,Outras variações no capital próprio
chart_group_593,593,Subsidies,Subsídios
chart_group_6,6,Expenses,Gastos
chart_group_61,61,Cost of goods sold and materials consumed,Custo das mercadorias vendidas e das matérias consumidas
chart_group_62,62,Supplies and external services,Fornecimentos e serviços externos
chart_group_621,621,Subcontratos,Subcontratos
chart_group_622,622,Specialized services,Serviços especializados
chart_group_6221,6221,Trabalhos Especializados,Trabalhos Especializados
chart_group_6222,6222,Publicidade e Propaganda,Publicidade e Propaganda
chart_group_6223,6223,Vigilância e Segurança,Vigilância e Segurança
chart_group_6224,6224,Honorários,Honorários
chart_group_6225,6225,Comissões,Comissões
chart_group_6226,6226,Conservação e Reparação - Mercado Nacional - VLPM ,Conservação e Reparação - Mercado Nacional - VLPM
chart_group_62261,62261,Conservação e Reparação - Mercado Nacional - VLPM ,Conservação e Reparação - Mercado Nacional - VLPM
chart_group_622611,622611,Conservação e Reparação - Mercado Nacional - VLPM ,Conservação e Reparação - Mercado Nacional - VLPM
chart_group_6226111,6226111,Conservação e Reparação - Mercado Nacional - VLPM ,Conservação e Reparação - Mercado Nacional - VLPM
chart_group_6226112,6226112,Conservação e Reparação - Mercado Nacional - VLPM ,Conservação e Reparação - Mercado Nacional - VLPM
chart_group_6226113,6226113,Conservação e Reparação - Mercado Nacional - VLPM ,Conservação e Reparação - Mercado Nacional - VLPM
chart_group_6226114,6226114,Conservação e Reparação - Mercado Nacional - VLPM ,Conservação e Reparação - Mercado Nacional - VLPM
chart_group_622612,622612,Conservação e Reparação - Mercado Nacional - VLPHP ,Conservação e Reparação - Mercado Nacional - VLPHP
chart_group_6226121,6226121,Conservação e Reparação - Mercado Nacional - VLPHP ,Conservação e Reparação - Mercado Nacional - VLPHP
chart_group_6226122,6226122,Conservação e Reparação - Mercado Nacional - VLPHP ,Conservação e Reparação - Mercado Nacional - VLPHP
chart_group_6226123,6226123,Conservação e Reparação - Mercado Nacional - VLPHP ,Conservação e Reparação - Mercado Nacional - VLPHP
chart_group_6226124,6226124,Conservação e Reparação - Mercado Nacional - VLPHP ,Conservação e Reparação - Mercado Nacional - VLPHP
chart_group_622613,622613,Conservação e Reparação - Mercado Nacional - GPL ou GNV ,Conservação e Reparação - Mercado Nacional - GPL ou GNV
chart_group_6226131,6226131,Conservação e Reparação - Mercado Nacional - GPL ou GNV ,Conservação e Reparação - Mercado Nacional - GPL ou GNV
chart_group_6226132,6226132,Conservação e Reparação - Mercado Nacional - GPL ou GNV ,Conservação e Reparação - Mercado Nacional - GPL ou GNV
chart_group_6226133,6226133,Conservação e Reparação - Mercado Nacional - GPL ou GNV ,Conservação e Reparação - Mercado Nacional - GPL ou GNV
chart_group_6226134,6226134,Conservação e Reparação - Mercado Nacional - GPL ou GNV ,Conservação e Reparação - Mercado Nacional - GPL ou GNV
chart_group_622614,622614,Conservação e Reparação - Mercado Nacional - Energia Elétrica,Conservação e Reparação - Mercado Nacional - Energia Elétrica
chart_group_6226141,6226141,Conservação e Reparação - Mercado Nacional - Energia Elétrica,Conservação e Reparação - Mercado Nacional - Energia Elétrica
chart_group_6226142,6226142,Conservação e Reparação - Mercado Nacional - Energia Elétrica,Conservação e Reparação - Mercado Nacional - Energia Elétrica
chart_group_62262,62262,Conservação e Reparação - Mercado Intracomunitário - VLPM ,Conservação e Reparação - Mercado Intracomunitário - VLPM
chart_group_622621,622621,Conservação e Reparação - Mercado Intracomunitário - VLPM ,Conservação e Reparação - Mercado Intracomunitário - VLPM
chart_group_6226211,6226211,Conservação e Reparação - Mercado Intracomunitário - VLPM ,Conservação e Reparação - Mercado Intracomunitário - VLPM
chart_group_6226212,6226212,Conservação e Reparação - Mercado Intracomunitário - VLPM ,Conservação e Reparação - Mercado Intracomunitário - VLPM
chart_group_6226213,6226213,Conservação e Reparação - Mercado Intracomunitário - VLPM ,Conservação e Reparação - Mercado Intracomunitário - VLPM
chart_group_6226214,6226214,Conservação e Reparação - Mercado Intracomunitário - VLPM ,Conservação e Reparação - Mercado Intracomunitário - VLPM
chart_group_622622,622622,Conservação e Reparação - Mercado Intracomunitário - VLPHP,Conservação e Reparação - Mercado Intracomunitário - VLPHP
chart_group_6226221,6226221,Conservação e Reparação - Mercado Intracomunitário - VLPHP,Conservação e Reparação - Mercado Intracomunitário - VLPHP
chart_group_6226222,6226222,Conservação e Reparação - Mercado Intracomunitário - VLPHP,Conservação e Reparação - Mercado Intracomunitário - VLPHP
chart_group_6226223,6226223,Conservação e Reparação - Mercado Intracomunitário - VLPHP,Conservação e Reparação - Mercado Intracomunitário - VLPHP
chart_group_6226224,6226224,Conservação e Reparação - Mercado Intracomunitário - VLPHP,Conservação e Reparação - Mercado Intracomunitário - VLPHP
chart_group_622623,622623,Conservação e Reparação - Mercado Intracomunitário - GPL ou GNV ,Conservação e Reparação - Mercado Intracomunitário - GPL ou GNV
chart_group_6226231,6226231,Conservação e Reparação - Mercado Intracomunitário - GPL ou GNV ,Conservação e Reparação - Mercado Intracomunitário - GPL ou GNV
chart_group_6226232,6226232,Conservação e Reparação - Mercado Intracomunitário - GPL ou GNV ,Conservação e Reparação - Mercado Intracomunitário - GPL ou GNV
chart_group_6226233,6226233,Conservação e Reparação - Mercado Intracomunitário - GPL ou GNV ,Conservação e Reparação - Mercado Intracomunitário - GPL ou GNV
chart_group_6226234,6226234,Conservação e Reparação - Mercado Intracomunitário - GPL ou GNV ,Conservação e Reparação - Mercado Intracomunitário - GPL ou GNV
chart_group_622624,622624,Conservação e Reparação - Mercado Intracomunitário - Energia Elétrica,Conservação e Reparação - Mercado Intracomunitário - Energia Elétrica
chart_group_6226241,6226241,Conservação e Reparação - Mercado Intracomunitário - Energia Elétrica,Conservação e Reparação - Mercado Intracomunitário - Energia Elétrica
chart_group_6226242,6226242,Conservação e Reparação - Mercado Intracomunitário - Energia Elétrica,Conservação e Reparação - Mercado Intracomunitário - Energia Elétrica
chart_group_62263,62263,Conservação e Reparação - Mercado Extracomunitário - VLPM ,Conservação e Reparação - Mercado Extracomunitário - VLPM
chart_group_622631,622631,Conservação e Reparação - Mercado Extracomunitário - VLPM ,Conservação e Reparação - Mercado Extracomunitário - VLPM
chart_group_6226311,6226311,Conservação e Reparação - Mercado Extracomunitário - VLPM ,Conservação e Reparação - Mercado Extracomunitário - VLPM
chart_group_6226312,6226312,Conservação e Reparação - Mercado Extracomunitário - VLPM ,Conservação e Reparação - Mercado Extracomunitário - VLPM
chart_group_6226313,6226313,Conservação e Reparação - Mercado Extracomunitário - VLPM ,Conservação e Reparação - Mercado Extracomunitário - VLPM
chart_group_6226314,6226314,Conservação e Reparação - Mercado Extracomunitário - VLPM ,Conservação e Reparação - Mercado Extracomunitário - VLPM
chart_group_622632,622632,Conservação e Reparação - Mercado Extracomunitário - VLPHP,Conservação e Reparação - Mercado Extracomunitário - VLPHP
chart_group_6226321,6226321,Conservação e Reparação - Mercado Extracomunitário - VLPHP,Conservação e Reparação - Mercado Extracomunitário - VLPHP
chart_group_6226322,6226322,Conservação e Reparação - Mercado Extracomunitário - VLPHP,Conservação e Reparação - Mercado Extracomunitário - VLPHP
chart_group_6226323,6226323,Conservação e Reparação - Mercado Extracomunitário - VLPHP,Conservação e Reparação - Mercado Extracomunitário - VLPHP
chart_group_6226324,6226324,Conservação e Reparação - Mercado Extracomunitário - VLPHP,Conservação e Reparação - Mercado Extracomunitário - VLPHP
chart_group_622633,622633,Conservação e Reparação - Mercado Extracomunitário - GPL ou GNV ,Conservação e Reparação - Mercado Extracomunitário - GPL ou GNV
chart_group_6226331,6226331,Conservação e Reparação - Mercado Extracomunitário - GPL ou GNV ,Conservação e Reparação - Mercado Extracomunitário - GPL ou GNV
chart_group_6226332,6226332,Conservação e Reparação - Mercado Extracomunitário - GPL ou GNV ,Conservação e Reparação - Mercado Extracomunitário - GPL ou GNV
chart_group_6226333,6226333,Conservação e Reparação - Mercado Extracomunitário - GPL ou GNV ,Conservação e Reparação - Mercado Extracomunitário - GPL ou GNV
chart_group_6226334,6226334,Conservação e Reparação - Mercado Extracomunitário - GPL ou GNV ,Conservação e Reparação - Mercado Extracomunitário - GPL ou GNV
chart_group_622634,622634,Conservação e Reparação - Mercado Extracomunitário - Energia Elétrica,Conservação e Reparação - Mercado Extracomunitário - Energia Elétrica
chart_group_6226341,6226341,Conservação e Reparação - Mercado Extracomunitário - Energia Elétrica,Conservação e Reparação - Mercado Extracomunitário - Energia Elétrica
chart_group_6226342,6226342,Conservação e Reparação - Mercado Extracomunitário - Energia Elétrica,Conservação e Reparação - Mercado Extracomunitário - Energia Elétrica
chart_group_6228,6228,Outros Serviços,Outros Serviços
chart_group_623,623,Materials,Materiais
chart_group_6231,6231,Ferramentas e Utensílios de Desgaste Rápido,Ferramentas e Utensílios de Desgaste Rápido
chart_group_6232,6232,Livros e Documentação Técnica,Livros e Documentação Técnica
chart_group_6233,6233,Material de Escritório,Material de Escritório
chart_group_6234,6234,Artigos para Oferta,Artigos para Oferta
chart_group_6238,6238,Outros Materiais,Outros Materiais
chart_group_624,624,Energy and fluids,Energia e fluidos
chart_group_6241,6241,Energia,Energia
chart_group_6242,6242,Combustíveis - Mercado Nacional - VLPM - Sujeito a TA (8%),Combustíveis - Mercado Nacional - VLPM - Sujeito a TA (8%)
chart_group_62421,62421,Combustíveis - Mercado Nacional - VLPM - Sujeito a TA (8%),Combustíveis - Mercado Nacional - VLPM - Sujeito a TA (8%)
chart_group_624211,624211,Combustíveis - Mercado Nacional - VLPM - Sujeito a TA (8%),Combustíveis - Mercado Nacional - VLPM - Sujeito a TA (8%)
chart_group_6242111,6242111,Combustíveis - Mercado Nacional - VLPM - Sujeito a TA (8%),Combustíveis - Mercado Nacional - VLPM - Sujeito a TA (8%)
chart_group_62421111,62421111,Combustíveis - Mercado Nacional - VLPM - Sujeito a TA (8%),Combustíveis - Mercado Nacional - VLPM - Sujeito a TA (8%)
chart_group_62421112,62421112,Combustíveis - Mercado Nacional - VLPM - Sujeito a TA (8%),Combustíveis - Mercado Nacional - VLPM - Sujeito a TA (8%)
chart_group_6242112,6242112,Combustíveis - Mercado Nacional - VLPM - Sujeito a TA (25%),Combustíveis - Mercado Nacional - VLPM - Sujeito a TA (25%)
chart_group_62421121,62421121,Combustíveis - Mercado Nacional - VLPM - Sujeito a TA (25%),Combustíveis - Mercado Nacional - VLPM - Sujeito a TA (25%)
chart_group_62421122,62421122,Combustíveis - Mercado Nacional - VLPM - Sujeito a TA (25%),Combustíveis - Mercado Nacional - VLPM - Sujeito a TA (25%)
chart_group_6242113,6242113,Combustíveis - Mercado Nacional - VLPM - Sujeito a TA (32%),Combustíveis - Mercado Nacional - VLPM - Sujeito a TA (32%)
chart_group_62421131,62421131,Combustíveis - Mercado Nacional - VLPM - Sujeito a TA (32%),Combustíveis - Mercado Nacional - VLPM - Sujeito a TA (32%)
chart_group_62421132,62421132,Combustíveis - Mercado Nacional - VLPM - Sujeito a TA (32%),Combustíveis - Mercado Nacional - VLPM - Sujeito a TA (32%)
chart_group_6242114,6242114,Combustíveis - Mercado Nacional - VLPM - Sujeito a TA (0%),Combustíveis - Mercado Nacional - VLPM - Sujeito a TA (0%)
chart_group_62421141,62421141,Combustíveis - Mercado Nacional - VLPM - Sujeito a TA (0%),Combustíveis - Mercado Nacional - VLPM - Sujeito a TA (0%)
chart_group_62421142,62421142,Combustíveis - Mercado Nacional - VLPM - Sujeito a TA (0%),Combustíveis - Mercado Nacional - VLPM - Sujeito a TA (0%)
chart_group_624212,624212,"Combustíveis - Mercado Nacional - VLPHP - Sujeito a TA (2,5%)","Combustíveis - Mercado Nacional - VLPHP - Sujeito a TA (2,5%)"
chart_group_6242121,6242121,"Combustíveis - Mercado Nacional - VLPHP - Sujeito a TA (2,5%)","Combustíveis - Mercado Nacional - VLPHP - Sujeito a TA (2,5%)"
chart_group_62421211,62421211,"Combustíveis - Mercado Nacional - VLPHP - Sujeito a TA (2,5%)","Combustíveis - Mercado Nacional - VLPHP - Sujeito a TA (2,5%)"
chart_group_62421212,62421212,"Combustíveis - Mercado Nacional - VLPHP - Sujeito a TA (2,5%)","Combustíveis - Mercado Nacional - VLPHP - Sujeito a TA (2,5%)"
chart_group_6242122,6242122,"Combustíveis - Mercado Nacional - VLPHP - Sujeito a TA (7,5%)","Combustíveis - Mercado Nacional - VLPHP - Sujeito a TA (7,5%)"
chart_group_62421221,62421221,"Combustíveis - Mercado Nacional - VLPHP - Sujeito a TA (7,5%)","Combustíveis - Mercado Nacional - VLPHP - Sujeito a TA (7,5%)"
chart_group_62421222,62421222,"Combustíveis - Mercado Nacional - VLPHP - Sujeito a TA (7,5%)","Combustíveis - Mercado Nacional - VLPHP - Sujeito a TA (7,5%)"
chart_group_6242123,6242123,Combustíveis - Mercado Nacional - VLPHP - Sujeito a TA (15%),Combustíveis - Mercado Nacional - VLPHP - Sujeito a TA (15%)
chart_group_62421231,62421231,Combustíveis - Mercado Nacional - VLPHP - Sujeito a TA (15%),Combustíveis - Mercado Nacional - VLPHP - Sujeito a TA (15%)
chart_group_62421232,62421232,Combustíveis - Mercado Nacional - VLPHP - Sujeito a TA (15%),Combustíveis - Mercado Nacional - VLPHP - Sujeito a TA (15%)
chart_group_6242124,6242124,Combustíveis - Mercado Nacional - VLPHP - Sujeito a TA (0%),Combustíveis - Mercado Nacional - VLPHP - Sujeito a TA (0%)
chart_group_62421241,62421241,Combustíveis - Mercado Nacional - VLPHP - Sujeito a TA (0%),Combustíveis - Mercado Nacional - VLPHP - Sujeito a TA (0%)
chart_group_62421242,62421242,Combustíveis - Mercado Nacional - VLPHP - Sujeito a TA (0%),Combustíveis - Mercado Nacional - VLPHP - Sujeito a TA (0%)
chart_group_624213,624213,"Combustíveis - Mercado Nacional - GPL ou GNV - Sujeito a TA (2,5%)","Combustíveis - Mercado Nacional - GPL ou GNV - Sujeito a TA (2,5%)"
chart_group_6242131,6242131,"Combustíveis - Mercado Nacional - GPL ou GNV - Sujeito a TA (2,5%)","Combustíveis - Mercado Nacional - GPL ou GNV - Sujeito a TA (2,5%)"
chart_group_62421311,62421311,"Combustíveis - Mercado Nacional - GPL ou GNV - Sujeito a TA (2,5%)","Combustíveis - Mercado Nacional - GPL ou GNV - Sujeito a TA (2,5%)"
chart_group_62421312,62421312,"Combustíveis - Mercado Nacional - GPL ou GNV - Sujeito a TA (2,5%)","Combustíveis - Mercado Nacional - GPL ou GNV - Sujeito a TA (2,5%)"
chart_group_6242132,6242132,"Combustíveis - Mercado Nacional - GPL ou GNV - Sujeito a TA (7,5%)","Combustíveis - Mercado Nacional - GPL ou GNV - Sujeito a TA (7,5%)"
chart_group_62421321,62421321,"Combustíveis - Mercado Nacional - GPL ou GNV - Sujeito a TA (7,5%)","Combustíveis - Mercado Nacional - GPL ou GNV - Sujeito a TA (7,5%)"
chart_group_62421322,62421322,"Combustíveis - Mercado Nacional - GPL ou GNV - Sujeito a TA (7,5%)","Combustíveis - Mercado Nacional - GPL ou GNV - Sujeito a TA (7,5%)"
chart_group_6242133,6242133,Combustíveis - Mercado Nacional - GPL ou GNV - Sujeito a TA (15%),Combustíveis - Mercado Nacional - GPL ou GNV - Sujeito a TA (15%)
chart_group_62421331,62421331,Combustíveis - Mercado Nacional - GPL ou GNV - Sujeito a TA (15%),Combustíveis - Mercado Nacional - GPL ou GNV - Sujeito a TA (15%)
chart_group_62421332,62421332,Combustíveis - Mercado Nacional - GPL ou GNV - Sujeito a TA (15%),Combustíveis - Mercado Nacional - GPL ou GNV - Sujeito a TA (15%)
chart_group_6242134,6242134,Combustíveis - Mercado Nacional - GPL ou GNV - Sujeito a TA (0%),Combustíveis - Mercado Nacional - GPL ou GNV - Sujeito a TA (0%)
chart_group_62421341,62421341,Combustíveis - Mercado Nacional - GPL ou GNV - Sujeito a TA (0%),Combustíveis - Mercado Nacional - GPL ou GNV - Sujeito a TA (0%)
chart_group_62421342,62421342,Combustíveis - Mercado Nacional - GPL ou GNV - Sujeito a TA (0%),Combustíveis - Mercado Nacional - GPL ou GNV - Sujeito a TA (0%)
chart_group_624214,624214,Combustíveis - Mercado Nacional - Energia Elétrica,Combustíveis - Mercado Nacional - Energia Elétrica
chart_group_6242141,6242141,Combustíveis - Mercado Nacional - Energia Elétrica,Combustíveis - Mercado Nacional - Energia Elétrica
chart_group_62422,62422,Combustíveis - Mercado Intracomunitário - VLPM - Sujeito a TA (8%),Combustíveis - Mercado Intracomunitário - VLPM - Sujeito a TA (8%)
chart_group_624221,624221,Combustíveis - Mercado Intracomunitário - VLPM - Sujeito a TA (8%),Combustíveis - Mercado Intracomunitário - VLPM - Sujeito a TA (8%)
chart_group_6242211,6242211,Combustíveis - Mercado Intracomunitário - VLPM - Sujeito a TA (8%),Combustíveis - Mercado Intracomunitário - VLPM - Sujeito a TA (8%)
chart_group_62422111,62422111,Combustíveis - Mercado Intracomunitário - VLPM - Sujeito a TA (8%),Combustíveis - Mercado Intracomunitário - VLPM - Sujeito a TA (8%)
chart_group_62422112,62422112,Combustíveis - Mercado Intracomunitário - VLPM - Sujeito a TA (8%),Combustíveis - Mercado Intracomunitário - VLPM - Sujeito a TA (8%)
chart_group_6242212,6242212,Combustíveis - Mercado Intracomunitário - VLPM - Sujeito a TA (25%),Combustíveis - Mercado Intracomunitário - VLPM - Sujeito a TA (25%)
chart_group_62422121,62422121,Combustíveis - Mercado Intracomunitário - VLPM - Sujeito a TA (25%),Combustíveis - Mercado Intracomunitário - VLPM - Sujeito a TA (25%)
chart_group_62422122,62422122,Combustíveis - Mercado Intracomunitário - VLPM - Sujeito a TA (25%),Combustíveis - Mercado Intracomunitário - VLPM - Sujeito a TA (25%)
chart_group_6242213,6242213,Combustíveis - Mercado Intracomunitário - VLPM - Sujeito a TA (32%),Combustíveis - Mercado Intracomunitário - VLPM - Sujeito a TA (32%)
chart_group_62422131,62422131,Combustíveis - Mercado Intracomunitário - VLPM - Sujeito a TA (32%),Combustíveis - Mercado Intracomunitário - VLPM - Sujeito a TA (32%)
chart_group_62422132,62422132,Combustíveis - Mercado Intracomunitário - VLPM - Sujeito a TA (32%),Combustíveis - Mercado Intracomunitário - VLPM - Sujeito a TA (32%)
chart_group_6242214,6242214,Combustíveis - Mercado Intracomunitário - VLPM - Sujeito a TA (0%),Combustíveis - Mercado Intracomunitário - VLPM - Sujeito a TA (0%)
chart_group_62422141,62422141,Combustíveis - Mercado Intracomunitário - VLPM - Sujeito a TA (0%),Combustíveis - Mercado Intracomunitário - VLPM - Sujeito a TA (0%)
chart_group_62422142,62422142,Combustíveis - Mercado Intracomunitário - VLPM - Sujeito a TA (0%),Combustíveis - Mercado Intracomunitário - VLPM - Sujeito a TA (0%)
chart_group_624222,624222,"Combustíveis - Mercado Intracomunitário - VLPHP - Sujeito a TA (2,5%)","Combustíveis - Mercado Intracomunitário - VLPHP - Sujeito a TA (2,5%)"
chart_group_6242221,6242221,"Combustíveis - Mercado Intracomunitário - VLPHP - Sujeito a TA (2,5%)","Combustíveis - Mercado Intracomunitário - VLPHP - Sujeito a TA (2,5%)"
chart_group_62422211,62422211,"Combustíveis - Mercado Intracomunitário - VLPHP - Sujeito a TA (2,5%)","Combustíveis - Mercado Intracomunitário - VLPHP - Sujeito a TA (2,5%)"
chart_group_62422212,62422212,"Combustíveis - Mercado Intracomunitário - VLPHP - Sujeito a TA (2,5%)","Combustíveis - Mercado Intracomunitário - VLPHP - Sujeito a TA (2,5%)"
chart_group_6242222,6242222,"Combustíveis - Mercado Intracomunitário - VLPHP - Sujeito a TA (7,5%)","Combustíveis - Mercado Intracomunitário - VLPHP - Sujeito a TA (7,5%)"
chart_group_62422221,62422221,"Combustíveis - Mercado Intracomunitário - VLPHP - Sujeito a TA (7,5%)","Combustíveis - Mercado Intracomunitário - VLPHP - Sujeito a TA (7,5%)"
chart_group_62422222,62422222,"Combustíveis - Mercado Intracomunitário - VLPHP - Sujeito a TA (7,5%)","Combustíveis - Mercado Intracomunitário - VLPHP - Sujeito a TA (7,5%)"
chart_group_6242223,6242223,Combustíveis - Mercado Intracomunitário - VLPHP - Sujeito a TA (15%),Combustíveis - Mercado Intracomunitário - VLPHP - Sujeito a TA (15%)
chart_group_62422231,62422231,Combustíveis - Mercado Intracomunitário - VLPHP - Sujeito a TA (15%),Combustíveis - Mercado Intracomunitário - VLPHP - Sujeito a TA (15%)
chart_group_62422232,62422232,Combustíveis - Mercado Intracomunitário - VLPHP - Sujeito a TA (15%),Combustíveis - Mercado Intracomunitário - VLPHP - Sujeito a TA (15%)
chart_group_6242224,6242224,Combustíveis - Mercado Intracomunitário - VLPHP - Sujeito a TA (0%),Combustíveis - Mercado Intracomunitário - VLPHP - Sujeito a TA (0%)
chart_group_62422241,62422241,Combustíveis - Mercado Intracomunitário - VLPHP - Sujeito a TA (0%),Combustíveis - Mercado Intracomunitário - VLPHP - Sujeito a TA (0%)
chart_group_62422242,62422242,Combustíveis - Mercado Intracomunitário - VLPHP - Sujeito a TA (0%),Combustíveis - Mercado Intracomunitário - VLPHP - Sujeito a TA (0%)
chart_group_624223,624223,"Combustíveis - Mercado Intracomunitário - GPL ou GNV - Sujeito a TA (2,5%)","Combustíveis - Mercado Intracomunitário - GPL ou GNV - Sujeito a TA (2,5%)"
chart_group_6242231,6242231,"Combustíveis - Mercado Intracomunitário - GPL ou GNV - Sujeito a TA (2,5%)","Combustíveis - Mercado Intracomunitário - GPL ou GNV - Sujeito a TA (2,5%)"
chart_group_62422311,62422311,"Combustíveis - Mercado Intracomunitário - GPL ou GNV - Sujeito a TA (2,5%)","Combustíveis - Mercado Intracomunitário - GPL ou GNV - Sujeito a TA (2,5%)"
chart_group_62422312,62422312,"Combustíveis - Mercado Intracomunitário - GPL ou GNV - Sujeito a TA (2,5%)","Combustíveis - Mercado Intracomunitário - GPL ou GNV - Sujeito a TA (2,5%)"
chart_group_6242232,6242232,"Combustíveis - Mercado Intracomunitário - GPL ou GNV - Sujeito a TA (7,5%)","Combustíveis - Mercado Intracomunitário - GPL ou GNV - Sujeito a TA (7,5%)"
chart_group_62422321,62422321,"Combustíveis - Mercado Intracomunitário - GPL ou GNV - Sujeito a TA (7,5%)","Combustíveis - Mercado Intracomunitário - GPL ou GNV - Sujeito a TA (7,5%)"
chart_group_62422322,62422322,"Combustíveis - Mercado Intracomunitário - GPL ou GNV - Sujeito a TA (7,5%)","Combustíveis - Mercado Intracomunitário - GPL ou GNV - Sujeito a TA (7,5%)"
chart_group_6242233,6242233,Combustíveis - Mercado Intracomunitário - GPL ou GNV - Sujeito a TA (15%),Combustíveis - Mercado Intracomunitário - GPL ou GNV - Sujeito a TA (15%)
chart_group_62422331,62422331,Combustíveis - Mercado Intracomunitário - GPL ou GNV - Sujeito a TA (15%),Combustíveis - Mercado Intracomunitário - GPL ou GNV - Sujeito a TA (15%)
chart_group_62422332,62422332,Combustíveis - Mercado Intracomunitário - GPL ou GNV - Sujeito a TA (15%),Combustíveis - Mercado Intracomunitário - GPL ou GNV - Sujeito a TA (15%)
chart_group_6242234,6242234,Combustíveis - Mercado Intracomunitário - GPL ou GNV - Sujeito a TA (0%),Combustíveis - Mercado Intracomunitário - GPL ou GNV - Sujeito a TA (0%)
chart_group_62422341,62422341,Combustíveis - Mercado Intracomunitário - GPL ou GNV - Sujeito a TA (0%),Combustíveis - Mercado Intracomunitário - GPL ou GNV - Sujeito a TA (0%)
chart_group_62422342,62422342,Combustíveis - Mercado Intracomunitário - GPL ou GNV - Sujeito a TA (0%),Combustíveis - Mercado Intracomunitário - GPL ou GNV - Sujeito a TA (0%)
chart_group_624224,624224,Combustíveis - Mercado Intracomunitário - Energia Elétrica,Combustíveis - Mercado Intracomunitário - Energia Elétrica
chart_group_6242241,6242241,Combustíveis - Mercado Intracomunitário - Energia Elétrica,Combustíveis - Mercado Intracomunitário - Energia Elétrica
chart_group_62423,62423,Combustíveis - Mercado Extracomunitário - VLPM - Sujeito a TA (8%),Combustíveis - Mercado Extracomunitário - VLPM - Sujeito a TA (8%)
chart_group_624231,624231,Combustíveis - Mercado Extracomunitário - VLPM - Sujeito a TA (8%),Combustíveis - Mercado Extracomunitário - VLPM - Sujeito a TA (8%)
chart_group_6242311,6242311,Combustíveis - Mercado Extracomunitário - VLPM - Sujeito a TA (8%),Combustíveis - Mercado Extracomunitário - VLPM - Sujeito a TA (8%)
chart_group_62423111,62423111,Combustíveis - Mercado Extracomunitário - VLPM - Sujeito a TA (8%),Combustíveis - Mercado Extracomunitário - VLPM - Sujeito a TA (8%)
chart_group_62423112,62423112,Combustíveis - Mercado Extracomunitário - VLPM - Sujeito a TA (8%),Combustíveis - Mercado Extracomunitário - VLPM - Sujeito a TA (8%)
chart_group_6242312,6242312,Combustíveis - Mercado Extracomunitário - VLPM - Sujeito a TA (25%),Combustíveis - Mercado Extracomunitário - VLPM - Sujeito a TA (25%)
chart_group_62423121,62423121,Combustíveis - Mercado Extracomunitário - VLPM - Sujeito a TA (25%),Combustíveis - Mercado Extracomunitário - VLPM - Sujeito a TA (25%)
chart_group_62423122,62423122,Combustíveis - Mercado Extracomunitário - VLPM - Sujeito a TA (25%),Combustíveis - Mercado Extracomunitário - VLPM - Sujeito a TA (25%)
chart_group_6242313,6242313,Combustíveis - Mercado Extracomunitário - VLPM - Sujeito a TA (32%),Combustíveis - Mercado Extracomunitário - VLPM - Sujeito a TA (32%)
chart_group_62423131,62423131,Combustíveis - Mercado Extracomunitário - VLPM - Sujeito a TA (32%),Combustíveis - Mercado Extracomunitário - VLPM - Sujeito a TA (32%)
chart_group_62423132,62423132,Combustíveis - Mercado Extracomunitário - VLPM - Sujeito a TA (32%),Combustíveis - Mercado Extracomunitário - VLPM - Sujeito a TA (32%)
chart_group_6242314,6242314,Combustíveis - Mercado Extracomunitário - VLPM - Sujeito a TA (0%),Combustíveis - Mercado Extracomunitário - VLPM - Sujeito a TA (0%)
chart_group_62423141,62423141,Combustíveis - Mercado Extracomunitário - VLPM - Sujeito a TA (0%),Combustíveis - Mercado Extracomunitário - VLPM - Sujeito a TA (0%)
chart_group_62423142,62423142,Combustíveis - Mercado Extracomunitário - VLPM - Sujeito a TA (0%),Combustíveis - Mercado Extracomunitário - VLPM - Sujeito a TA (0%)
chart_group_624232,624232,"Combustíveis - Mercado Extracomunitário - VLPHP - Sujeito a TA (2,5%)","Combustíveis - Mercado Extracomunitário - VLPHP - Sujeito a TA (2,5%)"
chart_group_6242321,6242321,"Combustíveis - Mercado Extracomunitário - VLPHP - Sujeito a TA (2,5%)","Combustíveis - Mercado Extracomunitário - VLPHP - Sujeito a TA (2,5%)"
chart_group_62423211,62423211,"Combustíveis - Mercado Extracomunitário - VLPHP - Sujeito a TA (2,5%)","Combustíveis - Mercado Extracomunitário - VLPHP - Sujeito a TA (2,5%)"
chart_group_62423212,62423212,"Combustíveis - Mercado Extracomunitário - VLPHP - Sujeito a TA (2,5%)","Combustíveis - Mercado Extracomunitário - VLPHP - Sujeito a TA (2,5%)"
chart_group_6242322,6242322,"Combustíveis - Mercado Extracomunitário - VLPHP - Sujeito a TA (7,5%)","Combustíveis - Mercado Extracomunitário - VLPHP - Sujeito a TA (7,5%)"
chart_group_62423221,62423221,"Combustíveis - Mercado Extracomunitário - VLPHP - Sujeito a TA (7,5%)","Combustíveis - Mercado Extracomunitário - VLPHP - Sujeito a TA (7,5%)"
chart_group_62423222,62423222,"Combustíveis - Mercado Extracomunitário - VLPHP - Sujeito a TA (7,5%)","Combustíveis - Mercado Extracomunitário - VLPHP - Sujeito a TA (7,5%)"
chart_group_6242323,6242323,Combustíveis - Mercado Extracomunitário - VLPHP - Sujeito a TA (15%),Combustíveis - Mercado Extracomunitário - VLPHP - Sujeito a TA (15%)
chart_group_62423231,62423231,Combustíveis - Mercado Extracomunitário - VLPHP - Sujeito a TA (15%),Combustíveis - Mercado Extracomunitário - VLPHP - Sujeito a TA (15%)
chart_group_62423232,62423232,Combustíveis - Mercado Extracomunitário - VLPHP - Sujeito a TA (15%),Combustíveis - Mercado Extracomunitário - VLPHP - Sujeito a TA (15%)
chart_group_6242324,6242324,Combustíveis - Mercado Extracomunitário - VLPHP - Sujeito a TA (0%),Combustíveis - Mercado Extracomunitário - VLPHP - Sujeito a TA (0%)
chart_group_62423241,62423241,Combustíveis - Mercado Extracomunitário - VLPHP - Sujeito a TA (0%),Combustíveis - Mercado Extracomunitário - VLPHP - Sujeito a TA (0%)
chart_group_62423242,62423242,Combustíveis - Mercado Extracomunitário - VLPHP - Sujeito a TA (0%),Combustíveis - Mercado Extracomunitário - VLPHP - Sujeito a TA (0%)
chart_group_624233,624233,"Combustíveis - Mercado Extracomunitário - GPL ou GNV - Sujeito a TA (2,5%)","Combustíveis - Mercado Extracomunitário - GPL ou GNV - Sujeito a TA (2,5%)"
chart_group_6242331,6242331,"Combustíveis - Mercado Extracomunitário - GPL ou GNV - Sujeito a TA (2,5%)","Combustíveis - Mercado Extracomunitário - GPL ou GNV - Sujeito a TA (2,5%)"
chart_group_62423311,62423311,"Combustíveis - Mercado Extracomunitário - GPL ou GNV - Sujeito a TA (2,5%)","Combustíveis - Mercado Extracomunitário - GPL ou GNV - Sujeito a TA (2,5%)"
chart_group_62423312,62423312,"Combustíveis - Mercado Extracomunitário - GPL ou GNV - Sujeito a TA (2,5%)","Combustíveis - Mercado Extracomunitário - GPL ou GNV - Sujeito a TA (2,5%)"
chart_group_6242332,6242332,"Combustíveis - Mercado Extracomunitário - GPL ou GNV - Sujeito a TA (7,5%)","Combustíveis - Mercado Extracomunitário - GPL ou GNV - Sujeito a TA (7,5%)"
chart_group_62423321,62423321,"Combustíveis - Mercado Extracomunitário - GPL ou GNV - Sujeito a TA (7,5%)","Combustíveis - Mercado Extracomunitário - GPL ou GNV - Sujeito a TA (7,5%)"
chart_group_62423322,62423322,"Combustíveis - Mercado Extracomunitário - GPL ou GNV - Sujeito a TA (7,5%)","Combustíveis - Mercado Extracomunitário - GPL ou GNV - Sujeito a TA (7,5%)"
chart_group_6242333,6242333,Combustíveis - Mercado Extracomunitário - GPL ou GNV - Sujeito a TA (15%),Combustíveis - Mercado Extracomunitário - GPL ou GNV - Sujeito a TA (15%)
chart_group_62423331,62423331,Combustíveis - Mercado Extracomunitário - GPL ou GNV - Sujeito a TA (15%),Combustíveis - Mercado Extracomunitário - GPL ou GNV - Sujeito a TA (15%)
chart_group_62423332,62423332,Combustíveis - Mercado Extracomunitário - GPL ou GNV - Sujeito a TA (15%),Combustíveis - Mercado Extracomunitário - GPL ou GNV - Sujeito a TA (15%)
chart_group_6242334,6242334,Combustíveis - Mercado Extracomunitário - GPL ou GNV - Sujeito a TA (0%),Combustíveis - Mercado Extracomunitário - GPL ou GNV - Sujeito a TA (0%)
chart_group_62423341,62423341,Combustíveis - Mercado Extracomunitário - GPL ou GNV - Sujeito a TA (0%),Combustíveis - Mercado Extracomunitário - GPL ou GNV - Sujeito a TA (0%)
chart_group_62423342,62423342,Combustíveis - Mercado Extracomunitário - GPL ou GNV - Sujeito a TA (0%),Combustíveis - Mercado Extracomunitário - GPL ou GNV - Sujeito a TA (0%)
chart_group_624234,624234,Combustíveis - Mercado Extracomunitário - Energia Elétrica,Combustíveis - Mercado Extracomunitário - Energia Elétrica
chart_group_6242341,6242341,Combustíveis - Mercado Extracomunitário - Energia Elétrica,Combustíveis - Mercado Extracomunitário - Energia Elétrica
chart_group_6243,6243,Água,Água
chart_group_6248,6248,Outros Fluidos,Outros Fluidos
chart_group_625,625,"Travel, accommodation and transportation","Deslocações, estadas e transportes"
chart_group_6251,6251,Deslocações e Estadas - Mercado Nacional - Portagens e Estacionamentos - VLPM,Deslocações e Estadas - Mercado Nacional - Portagens e Estacionamentos - VLPM
chart_group_62511,62511,Deslocações e Estadas - Mercado Nacional - Portagens e Estacionamentos - VLPM,Deslocações e Estadas - Mercado Nacional - Portagens e Estacionamentos - VLPM
chart_group_625113,625113,Deslocações e Estadas - Mercado Nacional - Compens. util. viatura própria (km pagos),Deslocações e Estadas - Mercado Nacional - Compens. util. viatura própria (km pagos)
chart_group_6251131,6251131,Deslocações e Estadas - Mercado Nacional - Compens. util. viatura própria (km pagos),Deslocações e Estadas - Mercado Nacional - Compens. util. viatura própria (km pagos)
chart_group_6251132,6251132,Deslocações e Estadas - Mercado Nacional - Compens. util. viatura própria (km pagos),Deslocações e Estadas - Mercado Nacional - Compens. util. viatura própria (km pagos)
chart_group_625114,625114,Deslocações e Estadas - Mercado Nacional - Portagens e Estacionamentos - VLPM,Deslocações e Estadas - Mercado Nacional - Portagens e Estacionamentos - VLPM
chart_group_6251141,6251141,Deslocações e Estadas - Mercado Nacional - Portagens e Estacionamentos - VLPM,Deslocações e Estadas - Mercado Nacional - Portagens e Estacionamentos - VLPM
chart_group_62511411,62511411,Deslocações e Estadas - Mercado Nacional - Portagens e Estacionamentos - VLPM,Deslocações e Estadas - Mercado Nacional - Portagens e Estacionamentos - VLPM
chart_group_62511412,62511412,Deslocações e Estadas - Mercado Nacional - Portagens e Estacionamentos - VLPM,Deslocações e Estadas - Mercado Nacional - Portagens e Estacionamentos - VLPM
chart_group_62511413,62511413,Deslocações e Estadas - Mercado Nacional - Portagens e Estacionamentos - VLPM,Deslocações e Estadas - Mercado Nacional - Portagens e Estacionamentos - VLPM
chart_group_62511414,62511414,Deslocações e Estadas - Mercado Nacional - Portagens e Estacionamentos - VLPM,Deslocações e Estadas - Mercado Nacional - Portagens e Estacionamentos - VLPM
chart_group_6251142,6251142,Deslocações e Estadas - Mercado Nacional - Portagens e Estacionamentos - VLPHP,Deslocações e Estadas - Mercado Nacional - Portagens e Estacionamentos - VLPHP
chart_group_62511421,62511421,Deslocações e Estadas - Mercado Nacional - Portagens e Estacionamentos - VLPHP,Deslocações e Estadas - Mercado Nacional - Portagens e Estacionamentos - VLPHP
chart_group_62511422,62511422,Deslocações e Estadas - Mercado Nacional - Portagens e Estacionamentos - VLPHP,Deslocações e Estadas - Mercado Nacional - Portagens e Estacionamentos - VLPHP
chart_group_62511423,62511423,Deslocações e Estadas - Mercado Nacional - Portagens e Estacionamentos - VLPHP,Deslocações e Estadas - Mercado Nacional - Portagens e Estacionamentos - VLPHP
chart_group_62511424,62511424,Deslocações e Estadas - Mercado Nacional - Portagens e Estacionamentos - VLPHP,Deslocações e Estadas - Mercado Nacional - Portagens e Estacionamentos - VLPHP
chart_group_6251143,6251143,Deslocações e Estadas - Mercado Nacional - Portagens e Estacionamentos - GPL ou GNV,Deslocações e Estadas - Mercado Nacional - Portagens e Estacionamentos - GPL ou GNV
chart_group_62511431,62511431,Deslocações e Estadas - Mercado Nacional - Portagens e Estacionamentos - GPL ou GNV,Deslocações e Estadas - Mercado Nacional - Portagens e Estacionamentos - GPL ou GNV
chart_group_62511432,62511432,Deslocações e Estadas - Mercado Nacional - Portagens e Estacionamentos - GPL ou GNV,Deslocações e Estadas - Mercado Nacional - Portagens e Estacionamentos - GPL ou GNV
chart_group_62511433,62511433,Deslocações e Estadas - Mercado Nacional - Portagens e Estacionamentos - GPL ou GNV,Deslocações e Estadas - Mercado Nacional - Portagens e Estacionamentos - GPL ou GNV
chart_group_62511434,62511434,Deslocações e Estadas - Mercado Nacional - Portagens e Estacionamentos - GPL ou GNV,Deslocações e Estadas - Mercado Nacional - Portagens e Estacionamentos - GPL ou GNV
chart_group_6251144,6251144,Deslocações e Estadas - Mercado Nacional - Portagens e Estacionamentos - Energia Elétrica,Deslocações e Estadas - Mercado Nacional - Portagens e Estacionamentos - Energia Elétrica
chart_group_62511441,62511441,Deslocações e Estadas - Mercado Nacional - Portagens e Estacionamentos - Energia Elétrica,Deslocações e Estadas - Mercado Nacional - Portagens e Estacionamentos - Energia Elétrica
chart_group_62511442,62511442,Deslocações e Estadas - Mercado Nacional - Portagens e Estacionamentos - Energia Elétrica,Deslocações e Estadas - Mercado Nacional - Portagens e Estacionamentos - Energia Elétrica
chart_group_62512,62512,Deslocações e Estadas - Mercado Intracomunitário - Portagens e Estacionamentos - VLPM,Deslocações e Estadas - Mercado Intracomunitário - Portagens e Estacionamentos - VLPM
chart_group_625123,625123,Deslocações e Estadas - Mercado Intracomunitário - Compens. util. viatura própria (km pagos),Deslocações e Estadas - Mercado Intracomunitário - Compens. util. viatura própria (km pagos)
chart_group_6251231,6251231,Deslocações e Estadas - Mercado Intracomunitário - Compens. util. viatura própria (km pagos),Deslocações e Estadas - Mercado Intracomunitário - Compens. util. viatura própria (km pagos)
chart_group_6251232,6251232,Deslocações e Estadas - Mercado Intracomunitário - Compens. util. viatura própria (km pagos),Deslocações e Estadas - Mercado Intracomunitário - Compens. util. viatura própria (km pagos)
chart_group_625124,625124,Deslocações e Estadas - Mercado Intracomunitário - Portagens e Estacionamentos - VLPM,Deslocações e Estadas - Mercado Intracomunitário - Portagens e Estacionamentos - VLPM
chart_group_6251241,6251241,Deslocações e Estadas - Mercado Intracomunitário - Portagens e Estacionamentos - VLPM,Deslocações e Estadas - Mercado Intracomunitário - Portagens e Estacionamentos - VLPM
chart_group_62512411,62512411,Deslocações e Estadas - Mercado Intracomunitário - Portagens e Estacionamentos - VLPM,Deslocações e Estadas - Mercado Intracomunitário - Portagens e Estacionamentos - VLPM
chart_group_62512412,62512412,Deslocações e Estadas - Mercado Intracomunitário - Portagens e Estacionamentos - VLPM,Deslocações e Estadas - Mercado Intracomunitário - Portagens e Estacionamentos - VLPM
chart_group_62512413,62512413,Deslocações e Estadas - Mercado Intracomunitário - Portagens e Estacionamentos - VLPM,Deslocações e Estadas - Mercado Intracomunitário - Portagens e Estacionamentos - VLPM
chart_group_62512414,62512414,Deslocações e Estadas - Mercado Intracomunitário - Portagens e Estacionamentos - VLPM,Deslocações e Estadas - Mercado Intracomunitário - Portagens e Estacionamentos - VLPM
chart_group_6251242,6251242,Deslocações e Estadas - Mercado Intracomunitário - Portagens e Estacionamentos - VLPHP,Deslocações e Estadas - Mercado Intracomunitário - Portagens e Estacionamentos - VLPHP
chart_group_62512421,62512421,Deslocações e Estadas - Mercado Intracomunitário - Portagens e Estacionamentos - VLPHP,Deslocações e Estadas - Mercado Intracomunitário - Portagens e Estacionamentos - VLPHP
chart_group_62512422,62512422,Deslocações e Estadas - Mercado Intracomunitário - Portagens e Estacionamentos - VLPHP,Deslocações e Estadas - Mercado Intracomunitário - Portagens e Estacionamentos - VLPHP
chart_group_62512423,62512423,Deslocações e Estadas - Mercado Intracomunitário - Portagens e Estacionamentos - VLPHP,Deslocações e Estadas - Mercado Intracomunitário - Portagens e Estacionamentos - VLPHP
chart_group_62512424,62512424,Deslocações e Estadas - Mercado Intracomunitário - Portagens e Estacionamentos - VLPHP,Deslocações e Estadas - Mercado Intracomunitário - Portagens e Estacionamentos - VLPHP
chart_group_6251243,6251243,Deslocações e Estadas - Mercado Intracomunitário - Portagens e Estacionamentos - GPL ou GNV,Deslocações e Estadas - Mercado Intracomunitário - Portagens e Estacionamentos - GPL ou GNV
chart_group_62512431,62512431,Deslocações e Estadas - Mercado Intracomunitário - Portagens e Estacionamentos - GPL ou GNV,Deslocações e Estadas - Mercado Intracomunitário - Portagens e Estacionamentos - GPL ou GNV
chart_group_62512432,62512432,Deslocações e Estadas - Mercado Intracomunitário - Portagens e Estacionamentos - GPL ou GNV,Deslocações e Estadas - Mercado Intracomunitário - Portagens e Estacionamentos - GPL ou GNV
chart_group_62512433,62512433,Deslocações e Estadas - Mercado Intracomunitário - Portagens e Estacionamentos - GPL ou GNV,Deslocações e Estadas - Mercado Intracomunitário - Portagens e Estacionamentos - GPL ou GNV
chart_group_62512434,62512434,Deslocações e Estadas - Mercado Intracomunitário - Portagens e Estacionamentos - GPL ou GNV,Deslocações e Estadas - Mercado Intracomunitário - Portagens e Estacionamentos - GPL ou GNV
chart_group_6251244,6251244,Deslocações e Estadas - Mercado Intracomunitário - Portagens e Estacionamentos - Energia Elétrica,Deslocações e Estadas - Mercado Intracomunitário - Portagens e Estacionamentos - Energia Elétrica
chart_group_62512441,62512441,Deslocações e Estadas - Mercado Intracomunitário - Portagens e Estacionamentos - Energia Elétrica,Deslocações e Estadas - Mercado Intracomunitário - Portagens e Estacionamentos - Energia Elétrica
chart_group_62512442,62512442,Deslocações e Estadas - Mercado Intracomunitário - Portagens e Estacionamentos - Energia Elétrica,Deslocações e Estadas - Mercado Intracomunitário - Portagens e Estacionamentos - Energia Elétrica
chart_group_62513,62513,Deslocações e Estadas - Mercado Extracomunitário - Portagens e Estacionamentos - VLPM,Deslocações e Estadas - Mercado Extracomunitário - Portagens e Estacionamentos - VLPM
chart_group_625133,625133,Deslocações e Estadas - Mercado Extracomunitário - Compens. util. viatura própria (km pagos),Deslocações e Estadas - Mercado Extracomunitário - Compens. util. viatura própria (km pagos)
chart_group_6251331,6251331,Deslocações e Estadas - Mercado Extracomunitário - Compens. util. viatura própria (km pagos),Deslocações e Estadas - Mercado Extracomunitário - Compens. util. viatura própria (km pagos)
chart_group_6251332,6251332,Deslocações e Estadas - Mercado Extracomunitário - Compens. util. viatura própria (km pagos),Deslocações e Estadas - Mercado Extracomunitário - Compens. util. viatura própria (km pagos)
chart_group_625134,625134,Deslocações e Estadas - Mercado Extracomunitário - Portagens e Estacionamentos - VLPM,Deslocações e Estadas - Mercado Extracomunitário - Portagens e Estacionamentos - VLPM
chart_group_6251341,6251341,Deslocações e Estadas - Mercado Extracomunitário - Portagens e Estacionamentos - VLPM,Deslocações e Estadas - Mercado Extracomunitário - Portagens e Estacionamentos - VLPM
chart_group_62513411,62513411,Deslocações e Estadas - Mercado Extracomunitário - Portagens e Estacionamentos - VLPM,Deslocações e Estadas - Mercado Extracomunitário - Portagens e Estacionamentos - VLPM
chart_group_62513412,62513412,Deslocações e Estadas - Mercado Extracomunitário - Portagens e Estacionamentos - VLPM,Deslocações e Estadas - Mercado Extracomunitário - Portagens e Estacionamentos - VLPM
chart_group_62513413,62513413,Deslocações e Estadas - Mercado Extracomunitário - Portagens e Estacionamentos - VLPM,Deslocações e Estadas - Mercado Extracomunitário - Portagens e Estacionamentos - VLPM
chart_group_62513414,62513414,Deslocações e Estadas - Mercado Extracomunitário - Portagens e Estacionamentos - VLPM,Deslocações e Estadas - Mercado Extracomunitário - Portagens e Estacionamentos - VLPM
chart_group_6251342,6251342,Deslocações e Estadas - Mercado Extracomunitário - Portagens e Estacionamentos - VLPHP,Deslocações e Estadas - Mercado Extracomunitário - Portagens e Estacionamentos - VLPHP
chart_group_62513421,62513421,Deslocações e Estadas - Mercado Extracomunitário - Portagens e Estacionamentos - VLPHP,Deslocações e Estadas - Mercado Extracomunitário - Portagens e Estacionamentos - VLPHP
chart_group_62513422,62513422,Deslocações e Estadas - Mercado Extracomunitário - Portagens e Estacionamentos - VLPHP,Deslocações e Estadas - Mercado Extracomunitário - Portagens e Estacionamentos - VLPHP
chart_group_62513423,62513423,Deslocações e Estadas - Mercado Extracomunitário - Portagens e Estacionamentos - VLPHP,Deslocações e Estadas - Mercado Extracomunitário - Portagens e Estacionamentos - VLPHP
chart_group_62513424,62513424,Deslocações e Estadas - Mercado Extracomunitário - Portagens e Estacionamentos - VLPHP,Deslocações e Estadas - Mercado Extracomunitário - Portagens e Estacionamentos - VLPHP
chart_group_6251343,6251343,Deslocações e Estadas - Mercado Extracomunitário - Portagens e Estacionamentos - GPL ou GNV,Deslocações e Estadas - Mercado Extracomunitário - Portagens e Estacionamentos - GPL ou GNV
chart_group_62513431,62513431,Deslocações e Estadas - Mercado Extracomunitário - Portagens e Estacionamentos - GPL ou GNV,Deslocações e Estadas - Mercado Extracomunitário - Portagens e Estacionamentos - GPL ou GNV
chart_group_62513432,62513432,Deslocações e Estadas - Mercado Extracomunitário - Portagens e Estacionamentos - GPL ou GNV,Deslocações e Estadas - Mercado Extracomunitário - Portagens e Estacionamentos - GPL ou GNV
chart_group_62513433,62513433,Deslocações e Estadas - Mercado Extracomunitário - Portagens e Estacionamentos - GPL ou GNV,Deslocações e Estadas - Mercado Extracomunitário - Portagens e Estacionamentos - GPL ou GNV
chart_group_62513434,62513434,Deslocações e Estadas - Mercado Extracomunitário - Portagens e Estacionamentos - GPL ou GNV,Deslocações e Estadas - Mercado Extracomunitário - Portagens e Estacionamentos - GPL ou GNV
chart_group_6251344,6251344,Deslocações e Estadas - Mercado Extracomunitário - Portagens e Estacionamentos - Energia Elétrica,Deslocações e Estadas - Mercado Extracomunitário - Portagens e Estacionamentos - Energia Elétrica
chart_group_62513441,62513441,Deslocações e Estadas - Mercado Extracomunitário - Portagens e Estacionamentos - Energia Elétrica,Deslocações e Estadas - Mercado Extracomunitário - Portagens e Estacionamentos - Energia Elétrica
chart_group_62513442,62513442,Deslocações e Estadas - Mercado Extracomunitário - Portagens e Estacionamentos - Energia Elétrica,Deslocações e Estadas - Mercado Extracomunitário - Portagens e Estacionamentos - Energia Elétrica
chart_group_6252,6252,Transporte de Pessoal,Transporte de Pessoal
chart_group_6253,6253,Transporte de Mercadorias,Transporte de Mercadorias
chart_group_6258,6258,"Outras Deslocações, Estadas e Transportes","Outras Deslocações, Estadas e Transportes"
chart_group_626,626,Miscellaneous services,Serviços diversos
chart_group_6261,6261,Rendas e Alugueres - Mercado Nacional - Viaturas - LPM,Rendas e Alugueres - Mercado Nacional - Viaturas - LPM
chart_group_62611,62611,Rendas e Alugueres - Mercado Nacional - Viaturas - LPM,Rendas e Alugueres - Mercado Nacional - Viaturas - LPM
chart_group_626111,626111,Rendas e Alugueres - Mercado Nacional - Viaturas - LPM,Rendas e Alugueres - Mercado Nacional - Viaturas - LPM
chart_group_6261111,6261111,Rendas e Alugueres - Mercado Nacional - Viaturas - LPM,Rendas e Alugueres - Mercado Nacional - Viaturas - LPM
chart_group_62611111,62611111,Rendas e Alugueres - Mercado Nacional - Viaturas - LPM,Rendas e Alugueres - Mercado Nacional - Viaturas - LPM
chart_group_62611112,62611112,Rendas e Alugueres - Mercado Nacional - Viaturas - LPM,Rendas e Alugueres - Mercado Nacional - Viaturas - LPM
chart_group_62611113,62611113,Rendas e Alugueres - Mercado Nacional - Viaturas - LPM,Rendas e Alugueres - Mercado Nacional - Viaturas - LPM
chart_group_62611114,62611114,Rendas e Alugueres - Mercado Nacional - Viaturas - LPM,Rendas e Alugueres - Mercado Nacional - Viaturas - LPM
chart_group_6261112,6261112,Rendas e Alugueres - Mercado Nacional - Viaturas - LPHP,Rendas e Alugueres - Mercado Nacional - Viaturas - LPHP
chart_group_62611121,62611121,Rendas e Alugueres - Mercado Nacional - Viaturas - LPHP,Rendas e Alugueres - Mercado Nacional - Viaturas - LPHP
chart_group_62611122,62611122,Rendas e Alugueres - Mercado Nacional - Viaturas - LPHP,Rendas e Alugueres - Mercado Nacional - Viaturas - LPHP
chart_group_62611123,62611123,Rendas e Alugueres - Mercado Nacional - Viaturas - LPHP,Rendas e Alugueres - Mercado Nacional - Viaturas - LPHP
chart_group_62611124,62611124,Rendas e Alugueres - Mercado Nacional - Viaturas - LPHP,Rendas e Alugueres - Mercado Nacional - Viaturas - LPHP
chart_group_6261113,6261113,Rendas e Alugueres - Mercado Nacional - Viaturas - GPL ou GNV,Rendas e Alugueres - Mercado Nacional - Viaturas - GPL ou GNV
chart_group_62611131,62611131,Rendas e Alugueres - Mercado Nacional - Viaturas - GPL ou GNV,Rendas e Alugueres - Mercado Nacional - Viaturas - GPL ou GNV
chart_group_62611132,62611132,Rendas e Alugueres - Mercado Nacional - Viaturas - GPL ou GNV,Rendas e Alugueres - Mercado Nacional - Viaturas - GPL ou GNV
chart_group_62611133,62611133,Rendas e Alugueres - Mercado Nacional - Viaturas - GPL ou GNV,Rendas e Alugueres - Mercado Nacional - Viaturas - GPL ou GNV
chart_group_62611134,62611134,Rendas e Alugueres - Mercado Nacional - Viaturas - GPL ou GNV,Rendas e Alugueres - Mercado Nacional - Viaturas - GPL ou GNV
chart_group_6261114,6261114,Rendas e Alugueres - Mercado Nacional - Viaturas - Energia Elétrica,Rendas e Alugueres - Mercado Nacional - Viaturas - Energia Elétrica
chart_group_62611141,62611141,Rendas e Alugueres - Mercado Nacional - Viaturas - Energia Elétrica,Rendas e Alugueres - Mercado Nacional - Viaturas - Energia Elétrica
chart_group_62611142,62611142,Rendas e Alugueres - Mercado Nacional - Viaturas - Energia Elétrica,Rendas e Alugueres - Mercado Nacional - Viaturas - Energia Elétrica
chart_group_62612,62612,Rendas e Alugueres - Mercado Intracomunitário - Viaturas - LPM,Rendas e Alugueres - Mercado Intracomunitário - Viaturas - LPM
chart_group_626121,626121,Rendas e Alugueres - Mercado Intracomunitário - Viaturas - LPM,Rendas e Alugueres - Mercado Intracomunitário - Viaturas - LPM
chart_group_6261211,6261211,Rendas e Alugueres - Mercado Intracomunitário - Viaturas - LPM,Rendas e Alugueres - Mercado Intracomunitário - Viaturas - LPM
chart_group_62612111,62612111,Rendas e Alugueres - Mercado Intracomunitário - Viaturas - LPM,Rendas e Alugueres - Mercado Intracomunitário - Viaturas - LPM
chart_group_62612112,62612112,Rendas e Alugueres - Mercado Intracomunitário - Viaturas - LPM,Rendas e Alugueres - Mercado Intracomunitário - Viaturas - LPM
chart_group_62612113,62612113,Rendas e Alugueres - Mercado Intracomunitário - Viaturas - LPM,Rendas e Alugueres - Mercado Intracomunitário - Viaturas - LPM
chart_group_62612114,62612114,Rendas e Alugueres - Mercado Intracomunitário - Viaturas - LPM,Rendas e Alugueres - Mercado Intracomunitário - Viaturas - LPM
chart_group_6261212,6261212,Rendas e Alugueres - Mercado Intracomunitário - Viaturas - LPHP,Rendas e Alugueres - Mercado Intracomunitário - Viaturas - LPHP
chart_group_62612121,62612121,Rendas e Alugueres - Mercado Intracomunitário - Viaturas - LPHP,Rendas e Alugueres - Mercado Intracomunitário - Viaturas - LPHP
chart_group_62612122,62612122,Rendas e Alugueres - Mercado Intracomunitário - Viaturas - LPHP,Rendas e Alugueres - Mercado Intracomunitário - Viaturas - LPHP
chart_group_62612123,62612123,Rendas e Alugueres - Mercado Intracomunitário - Viaturas - LPHP,Rendas e Alugueres - Mercado Intracomunitário - Viaturas - LPHP
chart_group_62612124,62612124,Rendas e Alugueres - Mercado Intracomunitário - Viaturas - LPHP,Rendas e Alugueres - Mercado Intracomunitário - Viaturas - LPHP
chart_group_6261213,6261213,Rendas e Alugueres - Mercado Intracomunitário - Viaturas - GPL ou GNV,Rendas e Alugueres - Mercado Intracomunitário - Viaturas - GPL ou GNV
chart_group_62612131,62612131,Rendas e Alugueres - Mercado Intracomunitário - Viaturas - GPL ou GNV,Rendas e Alugueres - Mercado Intracomunitário - Viaturas - GPL ou GNV
chart_group_62612132,62612132,Rendas e Alugueres - Mercado Intracomunitário - Viaturas - GPL ou GNV,Rendas e Alugueres - Mercado Intracomunitário - Viaturas - GPL ou GNV
chart_group_62612133,62612133,Rendas e Alugueres - Mercado Intracomunitário - Viaturas - GPL ou GNV,Rendas e Alugueres - Mercado Intracomunitário - Viaturas - GPL ou GNV
chart_group_62612134,62612134,Rendas e Alugueres - Mercado Intracomunitário - Viaturas - GPL ou GNV,Rendas e Alugueres - Mercado Intracomunitário - Viaturas - GPL ou GNV
chart_group_6261214,6261214,Rendas e Alugueres - Mercado Intracomunitário - Viaturas - Energia Elétrica,Rendas e Alugueres - Mercado Intracomunitário - Viaturas - Energia Elétrica
chart_group_62612141,62612141,Rendas e Alugueres - Mercado Intracomunitário - Viaturas - Energia Elétrica,Rendas e Alugueres - Mercado Intracomunitário - Viaturas - Energia Elétrica
chart_group_62612142,62612142,Rendas e Alugueres - Mercado Intracomunitário - Viaturas - Energia Elétrica,Rendas e Alugueres - Mercado Intracomunitário - Viaturas - Energia Elétrica
chart_group_62613,62613,Rendas e Alugueres - Mercado Extracomunitário - Viaturas - LPM,Rendas e Alugueres - Mercado Extracomunitário - Viaturas - LPM
chart_group_626131,626131,Rendas e Alugueres - Mercado Extracomunitário - Viaturas - LPM,Rendas e Alugueres - Mercado Extracomunitário - Viaturas - LPM
chart_group_6261311,6261311,Rendas e Alugueres - Mercado Extracomunitário - Viaturas - LPM,Rendas e Alugueres - Mercado Extracomunitário - Viaturas - LPM
chart_group_62613111,62613111,Rendas e Alugueres - Mercado Extracomunitário - Viaturas - LPM,Rendas e Alugueres - Mercado Extracomunitário - Viaturas - LPM
chart_group_62613112,62613112,Rendas e Alugueres - Mercado Extracomunitário - Viaturas - LPM,Rendas e Alugueres - Mercado Extracomunitário - Viaturas - LPM
chart_group_62613113,62613113,Rendas e Alugueres - Mercado Extracomunitário - Viaturas - LPM,Rendas e Alugueres - Mercado Extracomunitário - Viaturas - LPM
chart_group_62613114,62613114,Rendas e Alugueres - Mercado Extracomunitário - Viaturas - LPM,Rendas e Alugueres - Mercado Extracomunitário - Viaturas - LPM
chart_group_6261312,6261312,Rendas e Alugueres - Mercado Extracomunitário - Viaturas - LPHP,Rendas e Alugueres - Mercado Extracomunitário - Viaturas - LPHP
chart_group_62613121,62613121,Rendas e Alugueres - Mercado Extracomunitário - Viaturas - LPHP,Rendas e Alugueres - Mercado Extracomunitário - Viaturas - LPHP
chart_group_62613122,62613122,Rendas e Alugueres - Mercado Extracomunitário - Viaturas - LPHP,Rendas e Alugueres - Mercado Extracomunitário - Viaturas - LPHP
chart_group_62613123,62613123,Rendas e Alugueres - Mercado Extracomunitário - Viaturas - LPHP,Rendas e Alugueres - Mercado Extracomunitário - Viaturas - LPHP
chart_group_62613124,62613124,Rendas e Alugueres - Mercado Extracomunitário - Viaturas - LPHP,Rendas e Alugueres - Mercado Extracomunitário - Viaturas - LPHP
chart_group_6261313,6261313,Rendas e Alugueres - Mercado Extracomunitário - Viaturas - GPL ou GNV,Rendas e Alugueres - Mercado Extracomunitário - Viaturas - GPL ou GNV
chart_group_62613131,62613131,Rendas e Alugueres - Mercado Extracomunitário - Viaturas - GPL ou GNV,Rendas e Alugueres - Mercado Extracomunitário - Viaturas - GPL ou GNV
chart_group_62613132,62613132,Rendas e Alugueres - Mercado Extracomunitário - Viaturas - GPL ou GNV,Rendas e Alugueres - Mercado Extracomunitário - Viaturas - GPL ou GNV
chart_group_62613133,62613133,Rendas e Alugueres - Mercado Extracomunitário - Viaturas - GPL ou GNV,Rendas e Alugueres - Mercado Extracomunitário - Viaturas - GPL ou GNV
chart_group_62613134,62613134,Rendas e Alugueres - Mercado Extracomunitário - Viaturas - GPL ou GNV,Rendas e Alugueres - Mercado Extracomunitário - Viaturas - GPL ou GNV
chart_group_6261314,6261314,Rendas e Alugueres - Mercado Extracomunitário - Viaturas - Energia Elétrica,Rendas e Alugueres - Mercado Extracomunitário - Viaturas - Energia Elétrica
chart_group_62613141,62613141,Rendas e Alugueres - Mercado Extracomunitário - Viaturas - Energia Elétrica,Rendas e Alugueres - Mercado Extracomunitário - Viaturas - Energia Elétrica
chart_group_62613142,62613142,Rendas e Alugueres - Mercado Extracomunitário - Viaturas - Energia Elétrica,Rendas e Alugueres - Mercado Extracomunitário - Viaturas - Energia Elétrica
chart_group_6262,6262,Comunicação,Comunicação
chart_group_6263,6263,Seguros - Mercado Nacional - Autómovel,Seguros - Mercado Nacional - Autómovel
chart_group_62631,62631,Seguros - Mercado Nacional - Autómovel,Seguros - Mercado Nacional - Autómovel
chart_group_626311,626311,Seguros - Mercado Nacional - Autómovel,Seguros - Mercado Nacional - Autómovel
chart_group_6263111,6263111,Seguros - Mercado Nacional - Autómovel,Seguros - Mercado Nacional - Autómovel
chart_group_6263112,6263112,Seguros - Mercado Nacional - Autómovel,Seguros - Mercado Nacional - Autómovel
chart_group_6263113,6263113,Seguros - Mercado Nacional - Autómovel,Seguros - Mercado Nacional - Autómovel
chart_group_6263114,6263114,Seguros - Mercado Nacional - Autómovel,Seguros - Mercado Nacional - Autómovel
chart_group_62632,62632,Seguros - Mercado Intracomunitário - Autómovel,Seguros - Mercado Intracomunitário - Autómovel
chart_group_626321,626321,Seguros - Mercado Intracomunitário - Autómovel,Seguros - Mercado Intracomunitário - Autómovel
chart_group_6263211,6263211,Seguros - Mercado Intracomunitário - Autómovel,Seguros - Mercado Intracomunitário - Autómovel
chart_group_6263212,6263212,Seguros - Mercado Intracomunitário - Autómovel,Seguros - Mercado Intracomunitário - Autómovel
chart_group_6263213,6263213,Seguros - Mercado Intracomunitário - Autómovel,Seguros - Mercado Intracomunitário - Autómovel
chart_group_6263214,6263214,Seguros - Mercado Intracomunitário - Autómovel,Seguros - Mercado Intracomunitário - Autómovel
chart_group_62633,62633,Seguros - Mercado Extracomunitário - Autómovel,Seguros - Mercado Extracomunitário - Autómovel
chart_group_626331,626331,Seguros - Mercado Extracomunitário - Autómovel,Seguros - Mercado Extracomunitário - Autómovel
chart_group_6263311,6263311,Seguros - Mercado Extracomunitário - Autómovel,Seguros - Mercado Extracomunitário - Autómovel
chart_group_6263312,6263312,Seguros - Mercado Extracomunitário - Autómovel,Seguros - Mercado Extracomunitário - Autómovel
chart_group_6263313,6263313,Seguros - Mercado Extracomunitário - Autómovel,Seguros - Mercado Extracomunitário - Autómovel
chart_group_6263314,6263314,Seguros - Mercado Extracomunitário - Autómovel,Seguros - Mercado Extracomunitário - Autómovel
chart_group_6264,6264,Royalties,Royalties
chart_group_6265,6265,Cotencioso e Notariado,Cotencioso e Notariado
chart_group_6266,6266,Despesas de Representação - Mercado Nacional,Despesas de Representação - Mercado Nacional
chart_group_62661,62661,Despesas de Representação - Mercado Nacional,Despesas de Representação - Mercado Nacional
chart_group_626611,626611,Despesas de Representação - Mercado Nacional,Despesas de Representação - Mercado Nacional
chart_group_62662,62662,Despesas de Representação - Mercado Intracomunitário,Despesas de Representação - Mercado Intracomunitário
chart_group_626621,626621,Despesas de Representação - Mercado Intracomunitário,Despesas de Representação - Mercado Intracomunitário
chart_group_62663,62663,Despesas de Representação - Mercado Extracomunitário,Despesas de Representação - Mercado Extracomunitário
chart_group_626631,626631,Despesas de Representação - Mercado Extracomunitário,Despesas de Representação - Mercado Extracomunitário
chart_group_6267,6267,"Limpeza, Higiene e Conforto","Limpeza, Higiene e Conforto"
chart_group_6268,6268,Outros Serviços,Outros Serviços
chart_group_63,63,Staff spending,Gastos com o pessoal
chart_group_631,631,Ajudas de Custo - Gerência,Ajudas de Custo - Gerência
chart_group_6318,6318,Ajudas de Custo - Gerência,Ajudas de Custo - Gerência
chart_group_63182,63182,Ajudas de Custo - Gerência,Ajudas de Custo - Gerência
chart_group_632,632,Ajudas de Custo - Pessoal,Ajudas de Custo - Pessoal
chart_group_6328,6328,Ajudas de Custo - Pessoal,Ajudas de Custo - Pessoal
chart_group_63282,63282,Ajudas de Custo - Pessoal,Ajudas de Custo - Pessoal
chart_group_633,633,Post-employment benefits,Benefícios pós-emprego
chart_group_64,64,Depreciation and amortization expenses,Gastos de depreciação e de amortização
chart_group_641,641,Investment properties,Propriedades de investimento
chart_group_642,642,Tangible fixed assets,Ativos fixos tangíveis
chart_group_6424,6424,Gastos de Depreciação e de Amortização - Ativos Fixos Tangíveis - Equipamento de Transporte,Gastos de Depreciação e de Amortização - Ativos Fixos Tangíveis - Equipamento de Transporte
chart_group_64241,64241,Gastos de Depreciação e de Amortização - Ativos Fixos Tangíveis - Equipamento de Transporte,Gastos de Depreciação e de Amortização - Ativos Fixos Tangíveis - Equipamento de Transporte
chart_group_64242,64242,Gastos de Depreciação e de Amortização - Ativos Fixos Tangíveis - Equipamento de Transporte,Gastos de Depreciação e de Amortização - Ativos Fixos Tangíveis - Equipamento de Transporte
chart_group_64243,64243,Gastos de Depreciação e de Amortização - Ativos Fixos Tangíveis - Equipamento de Transporte,Gastos de Depreciação e de Amortização - Ativos Fixos Tangíveis - Equipamento de Transporte
chart_group_64244,64244,Gastos de Depreciação e de Amortização - Ativos Fixos Tangíveis - Equipamento de Transporte,Gastos de Depreciação e de Amortização - Ativos Fixos Tangíveis - Equipamento de Transporte
chart_group_643,643,Intangible assets,Ativos intangíveis
chart_group_65,65,Impairment losses,Perdas por imparidade
chart_group_651,651,In debt receivable,Em dívidas a receber
chart_group_652,652,In inventory,Em inventários
chart_group_6526,6526,Perdas por Imparidade,Perdas por Imparidade
chart_group_653,653,In financial investments,Em investimentos financeiros
chart_group_654,654,In investment properties,Em propriedades de investimento
chart_group_655,655,In tangible fixed assets,Em ativos fixos tangíveis
chart_group_656,656,In intangible assets,Em ativos intangíveis
chart_group_657,657,In investments in progress,Em investimentos em curso
chart_group_6575,6575,Advances on account of investments,Adiantamentos por conta de investimentos
chart_group_658,658,In non-current assets held for sale,Em ativos não correntes detidos para venda
chart_group_66,66,Losses due to reductions in fair value,Perdas por reduções de justo valor
chart_group_662,662,Participações de capital,Participações de capital
chart_group_663,663,In investment properties,Em propriedades de investimento
chart_group_664,664,In biological assets,Em ativos biológicos
chart_group_67,67,Provisions of the period,Provisões do período
chart_group_68,68,Other expenses,Outros gastos
chart_group_681,681,Taxes,Impostos
chart_group_6812,6812,Outros Gastos - Impostos Indiretos - IUC,Outros Gastos - Impostos Indiretos - IUC
chart_group_68124,68124,Outros Gastos - Impostos Indiretos - IUC,Outros Gastos - Impostos Indiretos - IUC
chart_group_681241,681241,Outros Gastos - Impostos Indiretos - IUC,Outros Gastos - Impostos Indiretos - IUC
chart_group_681242,681242,Outros Gastos - Impostos Indiretos - IUC,Outros Gastos - Impostos Indiretos - IUC
chart_group_681243,681243,Outros Gastos - Impostos Indiretos - IUC,Outros Gastos - Impostos Indiretos - IUC
chart_group_681244,681244,Outros Gastos - Impostos Indiretos - IUC,Outros Gastos - Impostos Indiretos - IUC
chart_group_684,684,Inventory losses,Perdas em inventários
chart_group_685,685,Cobertura de prejuízos,Cobertura de prejuízos
chart_group_686,686,Expenses on remaining financial investments,Gastos nos restantes investimentos financeiros
chart_group_687,687,Expenses on non-financial investments,Gastos em investimentos não financeiros
chart_group_688,688,Others,Outros
chart_group_6882,6882,Donativos - Considerados como Custo Fiscal,Donativos - Considerados como Custo Fiscal
chart_group_68821,68821,Donativos - Considerados como Custo Fiscal,Donativos - Considerados como Custo Fiscal
chart_group_688211,688211,Donativos - Considerados como Custo Fiscal,Donativos - Considerados como Custo Fiscal
chart_group_6888,6888,Gastos Não Consideradas Custos Fiscais - Despesas Não Documentadas,Gastos Não Consideradas Custos Fiscais - Despesas Não Documentadas
chart_group_68882,68882,Gastos Não Consideradas Custos Fiscais - Despesas Não Documentadas,Gastos Não Consideradas Custos Fiscais - Despesas Não Documentadas
chart_group_688821,688821,Gastos Não Consideradas Custos Fiscais - Despesas Não Documentadas,Gastos Não Consideradas Custos Fiscais - Despesas Não Documentadas
chart_group_68883,68883,Multas e Penalidades,Multas e Penalidades
chart_group_69,69,Financing expenses,Gastos de financiamento
chart_group_691,691,Supported interests,Juros suportados
chart_group_6911,6911,Gastos de Financiamento - Juros Suportados - Juros de Leasing,Gastos de Financiamento - Juros Suportados - Juros de Leasing
chart_group_69112,69112,Gastos de Financiamento - Juros Suportados - Juros de Leasing,Gastos de Financiamento - Juros Suportados - Juros de Leasing
chart_group_691121,691121,Gastos de Financiamento - Juros Suportados - Juros de Leasing,Gastos de Financiamento - Juros Suportados - Juros de Leasing
chart_group_691122,691122,Gastos de Financiamento - Juros Suportados - Juros de Leasing,Gastos de Financiamento - Juros Suportados - Juros de Leasing
chart_group_691123,691123,Gastos de Financiamento - Juros Suportados - Juros de Leasing,Gastos de Financiamento - Juros Suportados - Juros de Leasing
chart_group_691124,691124,Gastos de Financiamento - Juros Suportados - Juros de Leasing,Gastos de Financiamento - Juros Suportados - Juros de Leasing
chart_group_692,692,Unfavorable exchange rate differences,Diferenças de câmbio desfavoráveis
chart_group_698,698,Other financing expenses,Outros gastos de financiamento
chart_group_7,7,Income,Rendimentos
chart_group_71,71,Sales,Vendas
chart_group_711,711,Sales,Vendas
chart_group_712,712,Sales,Vendas
chart_group_713,713,Sales,Vendas
chart_group_714,714,Sales,Vendas
chart_group_717,717,Devolução de Vendas,Devolução de Vendas
chart_group_7171,7171,Devolução de Vendas,Devolução de Vendas
chart_group_7172,7172,Devolução de Vendas,Devolução de Vendas
chart_group_7173,7173,Devolução de Vendas,Devolução de Vendas
chart_group_7174,7174,Devolução de Vendas,Devolução de Vendas
chart_group_718,718,Descontos e Abatimentos em Vendas,Descontos e Abatimentos em Vendas
chart_group_7181,7181,Descontos e Abatimentos em Vendas,Descontos e Abatimentos em Vendas
chart_group_7182,7182,Descontos e Abatimentos em Vendas,Descontos e Abatimentos em Vendas
chart_group_7183,7183,Descontos e Abatimentos em Vendas,Descontos e Abatimentos em Vendas
chart_group_7184,7184,Descontos e Abatimentos em Vendas,Descontos e Abatimentos em Vendas
chart_group_72,72,Services,Prestações de serviços
chart_group_721,721,Prestações de Serviços,Prestações de Serviços
chart_group_722,722,Prestações de Serviços,Prestações de Serviços
chart_group_725,725,Prestações de Serviços,Prestações de Serviços
chart_group_727,727,Devolução de Prestações de Serviço,Devolução de Prestações de Serviço
chart_group_7271,7271,Devolução de Prestações de Serviço,Devolução de Prestações de Serviço
chart_group_7272,7272,Devolução de Prestações de Serviço,Devolução de Prestações de Serviço
chart_group_7275,7275,Devolução de Prestações de Serviço,Devolução de Prestações de Serviço
chart_group_728,728,Descontos e Abatimentos,Descontos e Abatimentos
chart_group_7281,7281,Descontos e Abatimentos,Descontos e Abatimentos
chart_group_7282,7282,Descontos e Abatimentos,Descontos e Abatimentos
chart_group_7283,7283,Descontos e Abatimentos,Descontos e Abatimentos
chart_group_73,73,Variations in production inventories,Variações nos inventários da produção
chart_group_74,74,Work for the entity itself,Trabalhos para a própria entidade
chart_group_75,75,Exploration subsidies,Subsídios à exploração
chart_group_76,76,Reversals,Reversões
chart_group_761,761,Depreciation and amortization,De depreciações e de amortizações
chart_group_7611,7611,Investment properties,Propriedades de investimento
chart_group_7612,7612,Tangible fixed assets,Ativos fixos tangíveis
chart_group_7613,7613,Intangible assets,Ativos intangíveis
chart_group_7614,7614,Biological assets,Ativos biológicos
chart_group_7615,7615,Financial investments,Investimentos Financeiros
chart_group_762,762,Impairment losses,Perdas por imparidade
chart_group_7621,7621,In debt receivable,Em dívidas a receber
chart_group_7622,7622,In inventory,Em inventários
chart_group_76226,76226,Reversals,Reversões
chart_group_7623,7623,In financial investments,Em investimentos financeiros
chart_group_7624,7624,In investment properties,Em propriedades de investimento
chart_group_7625,7625,In tangible fixed assets,Em ativos fixos tangíveis
chart_group_7626,7626,In intangible assets,Em ativos intangíveis
chart_group_7627,7627,In investements in progress,Em investimentos em curso
chart_group_76275,76275,Advances on account of investments,Adiantamentos por conta de investimentos
chart_group_7628,7628,In non-current assets held for sale,Em ativos não correntes detidos para venda
chart_group_763,763,Provisions,Provisões
chart_group_77,77,Gains for fair value increases,Ganhos por aumentos de justo valor
chart_group_772,772,In financial investments,Em investimentos financeiros
chart_group_773,773,In investment properties,Em propriedades de investimento
chart_group_774,774,In biological assets,Em ativos biológicos
chart_group_78,78,Other income,Outros rendimentos
chart_group_781,781,Supplementary income,Rendimentos suplementares
chart_group_7811,7811,Outros Rendimentos Suplementares,Outros Rendimentos Suplementares
chart_group_7812,7812,Outros Rendimentos Suplementares,Outros Rendimentos Suplementares
chart_group_7813,7813,Outros Rendimentos Suplementares,Outros Rendimentos Suplementares
chart_group_7814,7814,Outros Rendimentos Suplementares,Outros Rendimentos Suplementares
chart_group_7815,7815,Outros Rendimentos Suplementares,Outros Rendimentos Suplementares
chart_group_7816,7816,Outros Rendimentos Suplementares,Outros Rendimentos Suplementares
chart_group_784,784,Inventory gains,Ganhos em inventários
chart_group_785,785,Aplicação do método da equivalência patrimonial,Aplicação do método da equivalência patrimonial
chart_group_786,786,Income in the remaining financial assets,Rendimentos nos restantes ativos financeiros
chart_group_787,787,Income in non-financial investments,Rendimentos em investimentos não financeiros
chart_group_788,788,Others,Outros
chart_group_7888,7888,Outros não especificados,Outros não especificados
chart_group_79,79,"Interest, dividends and other similar income","Juros, dividendos e outros rendimentos similares"
chart_group_791,791,Interest obtained,Juros obtidos
chart_group_792,792,Dividends obtained,Dividendos obtidos
chart_group_8,8,Results,Resultados
chart_group_81,81,Net result of the period,Resultado líquido do período
chart_group_812,812,Tax over the period's income,Imposto sobre o rendimento do período
chart_group_89,89,Early dividends,Dividendos antecipados
